household_id,state,zone,region_type,income_inr_month,household_size,education_level,current_fuel_type,monthly_fuel_cost_inr,fuel_access_score,distance_to_market_km,awareness_score,has_electricity,women_decision_maker,bpl_card_holder,prior_subsidy_received,cook_hours_per_day,health_concern_score,number_of_children_under5,adoption_label
1,West Bengal,East,Semi-Urban,8538.51,9,0,Firewood,344.58,0.88,9.22,0.71,0,1,1,1,2.67,0.18,1,0
2,Jharkhand,East,Semi-Urban,11056.34,10,1,Firewood,1128.68,0.43,7.11,0.79,0,1,1,0,4.84,0.17,0,1
3,West Bengal,East,Rural,17190.82,3,0,LPG,957.44,0.71,33.74,0.83,0,0,0,0,5.65,0.43,0,0
4,Odisha,East,Semi-Urban,8564.35,3,0,LPG,446.45,0.28,1.16,0.33,1,0,1,1,3.46,0.28,1,0
5,Telangana,South,Rural,22628.58,2,1,LPG,1133.19,0.11,11.34,0.71,1,1,0,1,5.08,0.91,0,1
6,Gujarat,West,Semi-Urban,26316.19,8,0,LPG,2285.82,0.9,7.35,0.12,1,1,0,0,5.74,0.49,0,0
7,Gujarat,West,Semi-Urban,15733.85,4,0,LPG,1853.71,0.92,4.11,0.41,1,0,0,0,3.09,0.16,0,1
8,Bihar,North,Semi-Urban,7358.91,6,0,Firewood,3140.07,0.59,12.21,0.9,1,0,1,1,6.0,0.86,1,0
9,West Bengal,East,Rural,11477.25,6,0,Firewood,713.77,0.3,30.92,0.4,0,0,1,1,5.42,0.15,1,0
10,Maharashtra,West,Rural,30553.88,3,0,LPG,2275.08,0.71,29.44,0.45,1,1,0,0,3.53,0.24,0,0
11,Odisha,East,Rural,12852.28,7,2,Kerosene,654.9,0.56,38.42,0.86,1,0,0,1,5.95,0.35,0,0
12,West Bengal,East,Rural,13673.13,8,0,LPG,3089.09,0.33,36.47,0.82,1,1,0,0,2.01,0.9,0,0
13,Jharkhand,East,Urban,9396.73,10,2,LPG,3121.74,0.8,3.39,0.08,1,1,1,0,2.06,0.66,0,1
14,Assam,East,Rural,8275.09,3,1,Firewood,2535.8,0.31,18.23,0.75,1,1,1,1,2.02,0.37,1,0
15,West Bengal,East,Rural,12258.19,7,1,Crop Residue,2812.62,0.55,31.94,0.49,0,1,0,0,1.63,0.65,0,0
16,Uttar Pradesh,North,Urban,14459.0,6,1,Biogas,1258.01,0.6,3.08,0.98,1,0,0,0,2.98,0.49,1,1
17,Bihar,North,Semi-Urban,14853.01,11,1,Firewood,1001.45,0.37,5.18,0.85,0,1,0,0,3.13,0.42,0,0
18,Bihar,North,Urban,22438.33,11,0,LPG,242.52,0.62,2.47,0.67,1,0,0,1,6.11,0.86,1,1
19,Uttar Pradesh,North,Rural,10403.41,7,0,LPG,1059.67,0.97,25.42,0.84,0,1,1,0,2.23,0.97,1,1
20,Karnataka,South,Rural,45578.56,4,1,Firewood,3374.87,0.85,38.43,0.41,0,0,0,0,4.52,0.71,0,1
21,Maharashtra,West,Urban,63232.02,8,2,LPG,309.85,0.61,1.21,0.12,1,0,0,0,3.21,0.98,3,1
22,Jharkhand,East,Rural,3880.51,6,0,Cow Dung Cake,1484.99,0.65,35.11,0.05,1,1,1,1,5.12,0.16,0,0
23,Maharashtra,West,Urban,85000.0,12,4,LPG,580.48,0.83,4.19,0.63,1,1,0,0,3.01,0.21,2,1
24,Chhattisgarh,Central,Rural,3849.99,4,1,Firewood,2433.41,0.41,14.71,0.5,1,0,1,1,1.72,0.42,0,0
25,Assam,East,Rural,6484.15,10,2,Crop Residue,577.76,0.33,32.14,0.87,1,0,1,1,2.81,0.38,3,0
26,Uttar Pradesh,North,Semi-Urban,13569.55,7,0,Firewood,3361.11,0.86,5.65,0.96,1,1,0,0,1.96,0.09,0,0
27,Telangana,South,Rural,39935.85,5,4,Biogas,2454.9,0.85,47.74,0.84,1,0,0,0,6.41,0.15,1,1
28,Assam,East,Rural,17812.95,2,0,LPG,2132.83,0.42,39.1,0.48,1,1,0,0,3.32,0.43,0,0
29,Assam,East,Rural,10561.25,11,1,Kerosene,2643.11,0.71,13.44,0.4,1,0,1,1,5.91,0.98,2,0
30,Assam,East,Rural,16476.0,7,1,Cow Dung Cake,706.82,0.3,16.55,1.0,1,0,0,1,6.53,0.96,0,0
31,Maharashtra,West,Rural,11949.97,6,0,LPG,1333.73,0.63,4.74,0.97,1,1,1,1,5.98,0.68,0,1
32,Assam,East,Rural,5066.81,7,0,LPG,3051.31,0.14,1.94,0.38,1,1,1,1,3.59,0.97,2,0
33,Tamil Nadu,South,Semi-Urban,15498.01,10,0,Cow Dung Cake,3046.82,0.83,15.0,1.0,1,1,0,1,6.17,0.25,0,1
34,Chhattisgarh,Central,Rural,5262.98,5,1,Cow Dung Cake,1349.85,0.2,37.1,0.52,1,1,1,1,4.54,0.56,0,0
35,Chhattisgarh,Central,Semi-Urban,10802.48,8,1,Cow Dung Cake,863.43,0.22,0.71,0.35,1,0,1,1,3.42,0.51,2,1
36,Maharashtra,West,Urban,38049.0,11,0,LPG,3433.11,0.54,1.98,0.63,1,0,0,0,2.2,0.15,1,1
37,Odisha,East,Semi-Urban,8477.22,5,1,Cow Dung Cake,2386.32,0.26,3.29,0.04,0,0,1,0,2.16,0.46,0,1
38,Karnataka,South,Urban,29844.85,11,1,LPG,2253.47,0.17,4.43,0.92,1,0,0,1,5.62,0.18,1,1
39,Himachal Pradesh,North,Semi-Urban,54846.41,11,2,LPG,358.84,0.23,2.43,0.69,1,1,0,0,6.27,0.35,3,1
40,Rajasthan,North,Rural,7769.41,6,0,LPG,448.83,0.58,13.21,0.34,1,0,1,1,4.71,0.74,0,0
41,Himachal Pradesh,North,Semi-Urban,31162.82,4,0,LPG,2185.31,0.32,7.72,0.33,1,0,0,0,3.51,0.49,0,1
42,Chhattisgarh,Central,Rural,5565.86,9,0,Biogas,525.33,0.46,53.34,0.87,1,0,1,1,6.61,0.56,2,0
43,Maharashtra,West,Rural,39027.55,6,1,LPG,1850.49,0.32,6.76,0.61,1,1,0,0,4.15,0.53,0,0
44,Uttar Pradesh,North,Rural,7088.41,6,1,Firewood,2433.03,0.78,32.96,0.47,1,0,1,1,6.07,0.97,0,0
45,Chhattisgarh,Central,Urban,23836.73,3,1,LPG,618.24,0.82,1.41,0.16,1,1,0,0,4.38,0.36,2,0
46,Assam,East,Semi-Urban,17630.27,9,0,LPG,1159.62,0.77,7.79,0.23,1,0,0,0,6.49,0.62,0,1
47,Rajasthan,North,Rural,8659.42,4,0,Kerosene,2227.24,0.58,49.22,0.79,0,0,1,1,1.68,0.57,0,1
48,Karnataka,South,Rural,43713.22,7,3,Kerosene,917.99,0.75,39.74,0.64,1,1,0,0,3.4,0.18,0,1
49,Karnataka,South,Rural,19458.15,8,1,LPG,2113.87,0.56,33.82,0.02,1,1,0,0,5.33,0.92,1,0
50,Maharashtra,West,Semi-Urban,47496.96,11,1,LPG,2955.59,0.4,5.02,0.23,1,0,0,1,2.63,0.79,1,1
51,Karnataka,South,Rural,27315.76,10,0,LPG,2116.68,0.13,50.24,0.25,1,0,0,0,3.21,0.78,0,0
52,Tamil Nadu,South,Semi-Urban,12483.05,6,1,LPG,2016.97,0.87,8.26,0.18,1,0,0,0,3.85,0.8,0,0
53,Chhattisgarh,Central,Rural,4716.19,9,0,Cow Dung Cake,1917.62,0.58,26.72,0.5,1,0,1,0,5.64,0.27,2,0
54,Rajasthan,North,Semi-Urban,12638.96,8,0,Cow Dung Cake,1000.53,0.28,7.83,0.6,1,1,0,1,4.56,0.72,2,0
55,Rajasthan,North,Rural,14111.74,9,0,Firewood,2271.36,0.76,46.72,0.12,1,1,0,1,6.51,0.62,0,0
56,Tamil Nadu,South,Rural,26465.85,8,2,LPG,3034.58,0.3,53.61,0.78,0,1,0,1,4.09,0.18,0,1
57,Bihar,North,Rural,5418.1,9,0,Firewood,2310.93,0.48,7.71,0.9,1,1,1,1,4.41,0.82,2,0
58,Gujarat,West,Rural,28504.59,10,3,Kerosene,619.06,0.34,15.02,0.73,1,1,0,0,4.65,0.84,1,0
59,Jharkhand,East,Rural,7670.26,3,0,Firewood,2170.56,0.32,21.72,0.29,1,1,1,1,4.12,0.66,0,0
60,Odisha,East,Rural,10772.57,11,0,Cow Dung Cake,2149.42,0.4,42.51,0.11,0,1,1,1,3.89,0.25,1,1
61,Rajasthan,North,Rural,4032.75,4,0,Firewood,456.8,0.93,7.96,0.95,1,0,1,1,5.53,0.81,0,0
62,West Bengal,East,Semi-Urban,16797.61,9,0,LPG,3458.69,0.95,1.07,0.71,1,0,0,0,6.54,0.03,0,1
63,Jharkhand,East,Semi-Urban,6153.41,9,1,Kerosene,1218.99,0.85,1.04,0.6,1,0,1,1,3.37,0.72,1,1
64,Telangana,South,Semi-Urban,59777.82,5,2,LPG,3118.03,0.65,3.88,0.02,1,0,0,1,4.41,0.94,1,1
65,Rajasthan,North,Rural,4132.8,2,0,Cow Dung Cake,3076.82,0.99,42.37,0.42,1,1,1,0,3.45,0.29,0,0
66,Madhya Pradesh,Central,Semi-Urban,15921.78,2,0,Kerosene,3353.99,0.82,4.26,0.59,1,1,0,0,6.47,0.99,0,1
67,West Bengal,East,Urban,14486.81,5,0,Kerosene,553.13,0.14,2.23,0.04,1,1,0,1,4.96,0.22,1,0
68,Gujarat,West,Urban,85000.0,12,4,LPG,665.55,0.83,1.51,0.22,1,1,0,0,2.0,0.88,1,1
69,Rajasthan,North,Rural,10673.48,4,1,Cow Dung Cake,441.41,0.47,20.81,0.26,1,1,1,0,5.26,0.08,1,0
70,Uttar Pradesh,North,Rural,10946.16,4,0,Cow Dung Cake,2045.2,0.34,48.39,0.8,1,1,1,1,5.4,0.84,1,0
71,Gujarat,West,Urban,23831.72,12,0,LPG,3070.68,0.13,4.22,0.13,1,1,0,0,6.0,0.83,2,1
72,Assam,East,Rural,6703.86,12,0,Firewood,2273.92,0.59,43.0,0.11,1,1,1,1,3.38,0.63,1,0
73,Chhattisgarh,Central,Semi-Urban,13129.04,5,0,Firewood,2522.38,0.16,8.94,0.35,1,0,0,1,6.85,0.97,0,0
74,Madhya Pradesh,Central,Semi-Urban,16018.0,8,2,LPG,153.45,0.24,7.29,0.94,0,1,0,0,6.04,0.3,0,1
75,Bihar,North,Semi-Urban,6591.63,12,0,LPG,1556.09,0.67,6.27,0.27,1,1,1,1,2.76,0.21,0,1
76,Uttar Pradesh,North,Semi-Urban,8211.76,12,0,Kerosene,2980.02,0.78,9.58,0.13,0,1,1,1,4.15,0.12,2,1
77,Uttar Pradesh,North,Semi-Urban,6796.22,10,0,Firewood,2099.6,0.34,12.06,0.31,1,0,1,1,4.14,0.6,0,0
78,Tamil Nadu,South,Semi-Urban,63135.32,7,3,LPG,638.84,0.19,8.78,0.02,1,0,0,0,5.77,0.94,1,1
79,Uttar Pradesh,North,Semi-Urban,4928.04,2,0,Firewood,3424.51,0.28,10.55,0.82,0,1,1,1,2.18,0.9,1,0
80,Gujarat,West,Urban,19845.87,10,1,LPG,2835.79,0.41,4.17,0.08,1,1,0,1,3.99,0.64,1,1
81,Gujarat,West,Rural,24228.47,3,0,LPG,2356.67,0.55,30.77,0.72,1,1,0,1,5.08,0.2,0,1
82,Rajasthan,North,Rural,9857.6,2,0,Biogas,1543.29,0.86,34.77,0.74,1,1,1,1,4.73,0.03,0,0
83,Bihar,North,Rural,10860.81,3,1,Biogas,1100.91,0.42,21.42,0.47,1,0,1,1,3.73,0.6,1,0
84,Karnataka,South,Rural,53684.17,8,1,LPG,476.27,0.46,32.81,0.58,1,0,0,0,3.22,0.4,1,0
85,Rajasthan,North,Semi-Urban,11118.46,9,0,Firewood,936.16,0.9,6.91,0.33,1,1,1,1,4.73,0.95,2,1
86,Gujarat,West,Rural,14201.91,10,0,LPG,2769.0,0.73,24.83,0.86,1,1,0,0,6.93,0.12,2,1
87,Jharkhand,East,Urban,6708.18,8,0,Firewood,496.09,0.63,3.6,0.4,1,1,1,1,6.85,0.58,0,0
88,Maharashtra,West,Semi-Urban,33913.52,7,2,LPG,2406.0,0.97,1.86,0.67,1,1,0,0,5.31,0.84,0,1
89,Karnataka,South,Rural,9805.74,3,1,LPG,251.8,0.94,38.08,0.68,1,1,1,1,2.09,0.66,0,0
90,Bihar,North,Semi-Urban,7621.91,2,1,Kerosene,2049.5,0.76,13.24,0.4,1,1,1,1,5.69,0.8,0,1
91,Rajasthan,North,Urban,18518.82,7,0,LPG,2192.94,0.61,2.21,0.55,1,1,0,0,1.58,0.59,2,1
92,Maharashtra,West,Semi-Urban,40197.49,10,3,LPG,1755.26,0.12,5.45,0.38,1,1,0,0,4.84,0.76,1,1
93,Odisha,East,Semi-Urban,18221.93,12,0,LPG,351.9,0.94,5.6,0.1,1,0,0,0,3.19,0.8,2,0
94,Rajasthan,North,Semi-Urban,6831.2,3,0,LPG,1900.31,0.21,12.96,0.8,0,0,1,1,2.52,0.92,0,0
95,Madhya Pradesh,Central,Rural,15283.9,2,1,Kerosene,158.66,0.67,28.58,0.59,1,1,0,0,3.48,0.91,0,0
96,Maharashtra,West,Rural,16764.21,6,2,LPG,2399.27,0.83,42.28,0.15,1,0,0,0,6.28,0.47,0,0
97,Jharkhand,East,Rural,3212.75,4,1,Firewood,1459.54,0.64,27.57,0.99,0,1,1,1,5.45,0.69,2,0
98,West Bengal,East,Rural,15461.9,5,1,LPG,416.05,0.18,49.23,0.19,1,0,0,0,1.88,0.52,2,0
99,Bihar,North,Semi-Urban,4718.2,6,0,Cow Dung Cake,923.28,0.51,3.26,0.05,1,0,1,1,3.95,0.33,0,0
100,Odisha,East,Semi-Urban,22628.78,10,0,LPG,2903.05,0.1,4.86,0.98,1,0,0,0,6.86,0.02,0,1
101,Madhya Pradesh,Central,Urban,23118.8,10,0,LPG,2789.47,0.88,3.24,0.51,1,0,0,0,2.75,0.34,1,0
102,Gujarat,West,Rural,42667.44,10,3,LPG,3307.0,0.89,9.32,0.79,1,1,0,0,4.26,0.4,1,1
103,Odisha,East,Urban,18657.45,9,3,Kerosene,860.14,0.84,1.95,0.02,1,0,0,1,4.65,0.93,1,1
104,Bihar,North,Rural,10758.13,5,0,LPG,2928.26,0.39,52.43,0.83,1,0,1,1,2.78,0.08,1,0
105,Telangana,South,Urban,57789.8,5,1,LPG,873.73,0.66,3.43,0.15,1,1,0,0,1.82,0.99,0,1
106,Assam,East,Semi-Urban,10611.86,8,0,Firewood,1165.97,0.19,10.54,0.06,1,1,1,1,4.88,0.31,0,0
107,Madhya Pradesh,Central,Semi-Urban,20633.89,3,0,LPG,1537.33,0.84,11.14,0.77,0,1,0,0,1.61,0.26,0,1
108,Karnataka,South,Semi-Urban,23043.75,6,0,LPG,1672.16,0.86,1.92,0.49,0,0,0,1,4.12,0.38,0,0
109,Madhya Pradesh,Central,Urban,18987.02,11,0,LPG,1615.97,0.33,4.28,0.04,1,1,0,0,5.13,0.9,2,1
110,Maharashtra,West,Rural,40907.46,8,0,LPG,1865.94,0.71,2.77,0.08,1,0,0,0,1.57,0.96,1,0
111,Jharkhand,East,Rural,7157.52,5,1,Crop Residue,770.41,0.26,5.86,0.66,1,0,1,0,6.82,0.3,0,0
112,Maharashtra,West,Semi-Urban,28771.3,3,1,Biogas,1752.16,0.91,5.17,0.13,1,0,0,0,6.56,0.52,0,0
113,Telangana,South,Rural,11011.84,2,0,LPG,2203.35,0.95,13.62,0.12,0,1,1,0,5.99,0.86,0,0
114,Uttar Pradesh,North,Rural,7896.15,6,0,LPG,2590.44,0.8,36.26,0.18,1,1,1,1,1.74,0.16,2,1
115,Assam,East,Semi-Urban,6872.05,3,0,Kerosene,2604.89,0.59,9.06,0.51,1,1,1,1,5.0,0.76,0,1
116,Himachal Pradesh,North,Rural,28647.57,9,2,Biogas,482.25,0.46,44.1,0.2,1,1,0,0,2.53,0.36,0,0
117,Assam,East,Semi-Urban,14739.7,11,0,LPG,1382.6,0.39,2.66,0.31,1,1,0,0,3.97,0.72,2,0
118,Maharashtra,West,Rural,13099.45,7,2,Firewood,2225.62,0.42,43.78,0.09,1,1,0,0,1.86,0.58,0,0
119,West Bengal,East,Semi-Urban,6161.03,9,1,Firewood,2913.92,0.55,1.62,0.06,1,1,1,1,5.84,0.52,1,0
120,Assam,East,Rural,8594.7,8,0,Firewood,2834.58,0.79,40.48,0.3,0,1,1,0,5.27,0.99,0,0
121,Telangana,South,Rural,35306.12,6,1,LPG,237.76,0.12,45.83,0.27,1,0,0,1,2.93,0.43,0,1
122,Rajasthan,North,Rural,10464.26,5,0,Cow Dung Cake,597.16,0.17,40.17,0.5,1,1,1,1,2.37,0.61,2,0
123,Telangana,South,Rural,51440.66,10,2,LPG,977.38,0.92,14.1,0.27,1,1,0,1,1.86,0.49,1,0
124,Maharashtra,West,Rural,30928.88,12,1,LPG,1313.6,0.91,1.69,0.66,1,1,0,1,1.79,0.42,0,1
125,Chhattisgarh,Central,Semi-Urban,15381.18,3,1,LPG,1283.18,0.38,14.23,0.97,0,0,0,1,3.8,0.09,0,1
126,Odisha,East,Semi-Urban,14725.71,3,1,Kerosene,1988.61,0.65,3.78,0.85,1,0,0,0,2.69,0.1,0,1
127,Rajasthan,North,Semi-Urban,15126.86,9,0,LPG,3426.51,0.81,7.71,0.34,1,1,0,1,5.65,0.02,1,1
128,Maharashtra,West,Urban,81089.06,12,3,LPG,2019.24,0.6,0.92,0.34,1,0,0,1,3.55,0.45,2,0
129,Tamil Nadu,South,Rural,44678.15,4,1,Cow Dung Cake,1344.85,0.78,15.57,0.31,1,0,0,1,4.36,0.45,0,0
130,Odisha,East,Semi-Urban,10965.06,4,1,Firewood,1848.62,0.64,0.98,0.36,1,1,1,1,6.82,0.86,0,1
131,Gujarat,West,Urban,53385.3,2,2,LPG,2276.15,0.25,4.47,0.43,1,0,0,0,4.4,0.72,0,1
132,Bihar,North,Rural,6411.24,4,0,LPG,1961.66,0.74,17.63,0.47,1,1,1,1,6.06,0.34,0,0
133,Karnataka,South,Rural,14195.39,11,0,Cow Dung Cake,1315.6,0.51,41.31,0.65,1,0,0,1,4.09,0.98,1,0
134,Rajasthan,North,Rural,14350.13,3,2,Firewood,735.85,0.87,12.88,0.84,1,1,0,0,4.32,0.31,0,0
135,Himachal Pradesh,North,Rural,36236.75,6,2,LPG,2716.32,0.81,36.74,0.26,1,1,0,0,2.11,0.45,1,0
136,Odisha,East,Rural,9342.57,4,2,Cow Dung Cake,210.3,0.48,1.98,0.97,0,1,1,1,6.04,0.7,0,1
137,Telangana,South,Rural,53289.28,10,3,LPG,3073.73,0.2,38.85,0.54,0,0,0,0,4.08,0.3,0,0
138,Tamil Nadu,South,Rural,19412.17,10,1,LPG,3139.21,0.27,4.8,0.24,1,0,0,0,6.97,0.86,2,1
139,Himachal Pradesh,North,Semi-Urban,22535.98,6,0,Cow Dung Cake,3197.25,0.7,12.52,0.88,1,1,0,0,3.24,0.43,1,0
140,Himachal Pradesh,North,Rural,20610.18,5,3,LPG,2132.19,0.73,13.44,0.51,0,0,0,0,5.09,0.95,0,0
141,Bihar,North,Rural,11854.56,9,0,Firewood,1362.21,0.53,2.99,0.14,1,1,1,1,2.58,0.61,1,0
142,Assam,East,Rural,12272.14,7,0,Firewood,1700.55,0.49,12.41,0.4,0,0,0,1,3.07,0.82,1,0
143,Jharkhand,East,Rural,7566.71,10,0,LPG,703.43,0.45,40.28,0.88,1,0,1,0,5.45,0.95,0,0
144,Jharkhand,East,Rural,8727.61,8,1,Firewood,3069.85,0.33,36.76,0.8,1,0,1,1,6.45,0.4,1,0
145,Rajasthan,North,Rural,17184.16,10,1,LPG,1832.21,0.22,6.81,0.15,0,1,0,1,4.41,0.83,1,1
146,Chhattisgarh,Central,Rural,3105.36,4,0,Firewood,3198.95,0.83,12.27,0.47,1,0,1,1,3.72,0.08,0,0
147,Gujarat,West,Rural,37192.45,3,0,LPG,2693.83,0.19,48.99,0.01,1,0,0,0,4.39,0.51,0,0
148,Telangana,South,Rural,15559.33,9,1,LPG,172.48,0.45,43.65,0.6,0,1,0,0,6.13,0.58,0,0
149,Odisha,East,Rural,13635.84,3,0,Cow Dung Cake,3379.46,0.45,2.63,0.03,1,0,0,0,5.66,0.46,0,1
150,Chhattisgarh,Central,Rural,10519.32,6,0,Kerosene,2169.86,0.84,54.13,0.29,1,0,1,1,4.48,0.15,1,0
151,Uttar Pradesh,North,Semi-Urban,5869.54,6,0,Firewood,1018.77,0.28,1.34,0.34,1,1,1,1,4.69,0.14,2,0
152,Rajasthan,North,Rural,15434.6,5,1,LPG,2229.21,0.28,22.04,0.04,1,1,0,0,6.8,0.91,1,0
153,Tamil Nadu,South,Rural,30089.46,7,1,Kerosene,2810.61,0.35,48.3,0.94,0,1,0,1,4.16,0.86,0,1
154,Himachal Pradesh,North,Rural,26182.47,12,1,LPG,1862.77,0.54,31.96,0.87,1,1,0,1,5.7,0.57,1,1
155,Assam,East,Rural,17945.72,9,0,LPG,3141.85,0.16,48.65,0.45,1,1,0,1,1.61,0.48,2,0
156,Assam,East,Rural,16208.68,11,0,LPG,2844.86,0.35,11.98,0.96,0,1,0,0,6.06,0.29,0,1
157,West Bengal,East,Rural,8784.95,6,0,Kerosene,2725.89,0.69,42.25,0.85,1,0,1,0,3.74,0.41,1,0
158,Odisha,East,Rural,11687.82,3,1,Firewood,2970.95,0.32,26.57,0.15,1,1,1,1,3.71,0.29,1,0
159,Maharashtra,West,Rural,41526.11,8,0,LPG,3429.59,0.64,20.0,0.65,0,1,0,0,3.97,0.59,1,1
160,Maharashtra,West,Semi-Urban,41044.07,3,2,LPG,2843.26,0.6,8.04,0.14,1,0,0,0,3.06,0.13,0,1
161,Bihar,North,Semi-Urban,7077.1,2,0,Firewood,2518.37,0.16,12.67,0.0,1,1,1,0,3.48,0.27,0,0
162,Tamil Nadu,South,Urban,70606.44,3,3,LPG,1414.02,0.97,0.9,0.69,1,0,0,0,5.37,0.0,1,1
163,West Bengal,East,Rural,16257.16,6,0,LPG,502.97,0.8,35.61,0.05,1,1,0,0,3.88,0.46,1,0
164,Bihar,North,Semi-Urban,12918.13,10,2,LPG,860.18,0.69,7.35,0.88,1,1,0,0,3.12,0.14,1,1
165,West Bengal,East,Rural,14319.35,7,0,Crop Residue,817.37,0.9,16.16,0.37,0,0,0,0,2.97,0.84,2,0
166,Chhattisgarh,Central,Rural,11199.62,3,0,Firewood,1928.64,0.64,1.04,0.46,1,1,1,1,5.76,0.77,0,0
167,Maharashtra,West,Rural,39713.79,7,1,LPG,208.8,0.36,42.64,0.52,1,0,0,0,3.15,0.65,1,0
168,West Bengal,East,Urban,26916.24,12,1,LPG,843.77,0.24,4.55,0.71,1,1,0,0,1.83,0.67,2,1
169,Madhya Pradesh,Central,Urban,34396.28,6,4,LPG,2030.33,0.8,1.42,0.73,1,1,0,1,3.23,0.28,1,1
170,Assam,East,Urban,25806.73,12,0,LPG,1123.19,0.52,4.51,0.71,1,0,0,0,4.97,0.45,0,1
171,Odisha,East,Rural,8226.83,3,0,Crop Residue,405.4,0.35,44.48,0.46,1,1,1,0,3.95,0.21,0,0
172,Tamil Nadu,South,Semi-Urban,19892.54,12,1,LPG,3368.1,0.28,14.3,0.99,1,1,0,0,2.93,0.44,2,1
173,Rajasthan,North,Rural,6995.4,3,0,Kerosene,691.6,0.53,39.65,0.25,1,1,1,1,5.74,0.5,0,0
174,Gujarat,West,Urban,74047.14,11,2,LPG,2857.72,0.33,1.61,0.4,1,0,0,1,2.35,0.99,2,1
175,Bihar,North,Urban,6808.4,8,0,Kerosene,3226.73,0.96,3.1,0.36,1,0,1,1,5.11,0.24,0,0
176,Karnataka,South,Urban,85000.0,8,2,Firewood,270.66,0.26,4.4,0.28,1,1,0,0,4.69,0.52,1,1
177,Karnataka,South,Urban,31230.92,8,1,LPG,1745.72,0.55,1.42,0.59,1,0,0,1,2.64,0.07,2,1
178,Madhya Pradesh,Central,Rural,16312.95,2,2,LPG,1262.84,0.72,42.53,0.65,0,1,0,0,3.05,0.43,0,1
179,Jharkhand,East,Rural,7920.3,10,0,LPG,907.52,0.37,17.06,0.23,0,1,1,1,2.73,0.66,1,0
180,Himachal Pradesh,North,Rural,36085.55,11,0,LPG,2886.21,0.26,20.72,0.9,1,1,0,1,3.66,0.59,0,1
181,Uttar Pradesh,North,Rural,6730.23,11,0,Kerosene,2105.64,0.96,2.81,0.27,1,0,1,1,5.67,0.1,2,0
182,Uttar Pradesh,North,Semi-Urban,5913.44,2,1,Cow Dung Cake,3235.33,0.73,11.07,0.86,1,1,1,1,3.35,0.98,1,1
183,Rajasthan,North,Rural,14706.07,8,0,Cow Dung Cake,1847.35,0.45,49.91,0.02,1,0,0,1,4.89,0.84,1,0
184,West Bengal,East,Rural,13868.19,4,1,Cow Dung Cake,1589.15,0.38,26.78,0.12,1,1,0,1,2.75,0.88,2,0
185,Gujarat,West,Rural,19462.15,8,2,LPG,387.49,0.38,51.47,0.85,1,1,0,0,2.4,0.19,0,1
186,Telangana,South,Rural,23111.72,12,1,LPG,3091.25,0.64,13.97,0.36,0,0,0,0,1.9,0.21,1,0
187,West Bengal,East,Urban,25968.56,7,0,LPG,2780.65,0.64,4.96,0.33,1,1,0,0,3.98,0.98,1,1
188,Bihar,North,Urban,8039.46,10,1,Cow Dung Cake,1310.86,0.46,1.69,0.21,1,0,1,1,6.83,0.6,2,0
189,West Bengal,East,Rural,16957.31,5,0,LPG,2239.22,0.68,15.07,0.02,1,0,0,0,5.39,0.61,0,0
190,Gujarat,West,Semi-Urban,22402.12,3,0,LPG,2498.82,0.71,6.42,0.02,1,0,0,0,6.77,0.4,0,1
191,Assam,East,Semi-Urban,18657.23,7,0,Cow Dung Cake,2657.09,0.92,6.79,0.26,1,1,0,0,4.74,0.61,0,1
192,Gujarat,West,Semi-Urban,44111.73,9,3,Cow Dung Cake,3203.6,0.13,5.66,0.02,0,1,0,0,3.84,0.22,1,1
193,Uttar Pradesh,North,Semi-Urban,4849.45,8,0,LPG,3274.58,0.59,3.4,0.62,1,1,1,0,3.54,0.92,1,1
194,Odisha,East,Semi-Urban,11271.64,2,0,Kerosene,1672.06,0.67,4.1,0.71,1,1,1,1,1.85,0.82,1,1
195,Odisha,East,Semi-Urban,16098.99,5,0,LPG,244.84,0.29,4.58,0.71,0,1,0,1,2.12,0.52,2,1
196,Uttar Pradesh,North,Rural,8977.97,8,1,Cow Dung Cake,2849.58,0.11,50.89,0.44,1,0,1,1,1.92,0.87,1,0
197,Assam,East,Rural,16793.04,6,0,LPG,3302.75,0.89,6.09,0.39,1,1,0,0,6.22,0.68,0,0
198,Uttar Pradesh,North,Rural,7156.59,10,0,Crop Residue,1439.09,0.54,23.91,0.74,1,1,1,1,3.13,0.54,0,1
199,Chhattisgarh,Central,Rural,4491.73,11,1,Firewood,859.85,0.38,9.6,0.24,1,0,1,1,4.65,0.99,3,0
200,Gujarat,West,Rural,23870.94,4,0,LPG,832.28,0.39,30.29,0.58,0,1,0,0,4.23,0.93,2,1
201,West Bengal,East,Rural,13689.03,8,0,Crop Residue,2739.51,0.96,42.82,0.61,1,1,0,0,6.37,0.22,0,0
202,Karnataka,South,Rural,9459.02,10,1,LPG,2975.14,0.54,18.68,0.79,1,0,1,1,6.35,0.47,1,1
203,Jharkhand,East,Rural,8829.97,3,0,Firewood,3089.12,0.45,30.03,0.97,0,1,1,1,5.92,0.43,0,0
204,Assam,East,Semi-Urban,11045.15,4,0,Crop Residue,2517.22,0.44,5.86,0.05,1,1,1,1,6.13,0.37,0,0
205,Himachal Pradesh,North,Urban,73187.91,10,1,LPG,1895.6,0.42,3.55,0.76,1,0,0,1,3.63,0.66,3,1
206,Himachal Pradesh,North,Urban,71498.36,2,4,LPG,2743.91,0.87,2.94,0.76,1,1,0,1,3.62,0.59,0,1
207,Gujarat,West,Rural,15951.77,11,0,Cow Dung Cake,2482.12,0.44,45.29,0.66,1,0,0,0,2.95,0.94,1,0
208,Chhattisgarh,Central,Rural,7758.52,6,0,Cow Dung Cake,1036.53,0.7,44.91,0.78,1,0,1,1,3.53,0.43,1,0
209,Uttar Pradesh,North,Rural,5376.04,6,1,Kerosene,1587.1,0.28,28.52,0.74,1,1,1,1,5.97,0.71,1,0
210,Odisha,East,Rural,17984.5,12,3,LPG,1215.65,0.97,49.1,0.85,1,0,0,0,3.22,0.02,0,0
211,Himachal Pradesh,North,Semi-Urban,40402.04,5,3,LPG,3045.85,0.63,8.92,0.99,1,1,0,1,3.64,0.23,2,1
212,Rajasthan,North,Urban,18615.57,3,1,LPG,3485.36,0.98,3.42,0.8,1,1,0,0,4.0,0.67,0,1
213,West Bengal,East,Urban,11081.77,12,0,Crop Residue,2485.4,0.68,1.74,0.16,1,1,1,1,4.0,0.67,0,0
214,Assam,East,Urban,9696.94,3,1,Crop Residue,2957.82,0.82,4.82,0.54,1,1,1,1,3.02,0.92,1,1
215,Karnataka,South,Semi-Urban,17375.52,12,0,LPG,3101.26,0.89,10.06,0.21,1,1,0,0,5.56,0.29,1,1
216,Himachal Pradesh,North,Rural,15420.46,6,1,Biogas,1707.78,0.86,3.9,0.34,0,1,0,1,6.19,0.94,1,1
217,Rajasthan,North,Semi-Urban,19567.25,8,0,LPG,1049.68,0.19,2.93,0.15,1,1,0,1,3.92,0.28,0,1
218,Maharashtra,West,Rural,31331.49,9,1,LPG,2407.88,0.16,11.97,0.81,0,0,0,1,2.35,0.08,0,1
219,Bihar,North,Urban,18720.16,6,2,LPG,1194.16,0.1,1.28,0.88,1,1,0,0,5.43,0.28,0,1
220,Bihar,North,Rural,9525.05,3,1,LPG,1201.48,0.58,46.29,0.99,1,0,1,1,5.58,0.49,1,0
221,Telangana,South,Semi-Urban,51053.34,10,2,LPG,1670.87,0.79,2.33,0.2,1,0,0,0,4.69,0.49,2,1
222,Himachal Pradesh,North,Rural,43898.71,9,3,Kerosene,2062.44,0.27,15.69,0.22,0,1,0,0,6.6,0.97,0,0
223,Maharashtra,West,Rural,37068.79,4,3,LPG,1281.13,0.99,1.88,0.25,1,1,0,0,5.63,0.62,0,0
224,Karnataka,South,Semi-Urban,49214.27,2,2,LPG,464.15,0.54,13.85,0.04,1,0,0,0,6.5,0.47,0,1
225,Uttar Pradesh,North,Semi-Urban,12119.11,8,0,Cow Dung Cake,3498.52,0.79,6.27,0.83,0,0,0,0,3.37,0.51,0,0
226,Madhya Pradesh,Central,Semi-Urban,13723.61,6,0,Crop Residue,688.28,0.12,7.01,0.24,0,1,0,0,4.85,0.28,2,1
227,Chhattisgarh,Central,Semi-Urban,11046.02,11,2,Firewood,2738.78,0.31,10.32,0.57,1,0,1,0,6.05,0.52,1,0
228,Gujarat,West,Rural,23487.54,9,1,LPG,2198.4,0.71,17.81,0.85,1,1,0,1,3.03,0.28,1,1
229,Karnataka,South,Rural,40193.24,2,2,Biogas,1194.8,0.41,4.8,0.44,1,0,0,1,6.65,0.19,1,1
230,Bihar,North,Urban,7112.55,10,1,Firewood,1293.77,0.5,4.61,0.19,1,0,1,1,5.06,0.27,0,0
231,Rajasthan,North,Urban,30887.42,11,2,LPG,2552.35,0.87,2.11,0.76,1,0,0,0,3.92,0.73,1,1
232,Rajasthan,North,Rural,10019.41,2,0,Cow Dung Cake,541.69,0.71,52.27,0.14,1,1,1,1,3.45,0.05,0,0
233,Telangana,South,Semi-Urban,51087.95,3,4,LPG,2027.94,0.95,1.7,0.25,1,0,0,0,3.49,0.09,0,1
234,Odisha,East,Rural,4941.28,3,0,Firewood,727.95,0.61,16.65,0.94,1,1,1,1,3.87,0.35,2,0
235,West Bengal,East,Rural,4381.5,2,0,Crop Residue,997.07,0.62,20.08,0.82,1,1,1,1,5.93,0.33,0,0
236,Karnataka,South,Rural,47391.18,7,0,Kerosene,2081.18,0.79,43.09,0.28,1,0,0,0,1.92,0.42,1,0
237,Bihar,North,Rural,7280.37,5,1,Cow Dung Cake,1262.57,0.94,46.54,0.22,1,1,1,1,1.74,0.69,0,1
238,Rajasthan,North,Rural,11709.29,11,1,Cow Dung Cake,1401.08,0.33,6.27,0.35,1,1,1,0,3.67,0.18,2,0
239,Tamil Nadu,South,Rural,50733.45,5,0,LPG,2016.09,0.31,27.88,0.73,1,0,0,1,6.64,0.92,0,1
240,Karnataka,South,Rural,22142.18,11,0,LPG,1484.06,0.5,49.2,0.66,0,1,0,0,2.09,0.77,1,1
241,Odisha,East,Rural,15818.97,9,0,LPG,870.94,0.9,30.99,0.83,1,1,0,0,2.79,0.21,1,0
242,Odisha,East,Urban,20336.06,2,2,LPG,3467.61,0.12,3.22,0.66,1,0,0,1,2.5,0.62,0,1
243,Himachal Pradesh,North,Rural,26385.13,8,0,LPG,1550.79,0.78,49.44,0.08,1,0,0,0,5.14,0.6,0,0
244,Bihar,North,Rural,5114.95,6,0,LPG,3253.65,0.48,3.26,0.04,1,0,1,1,1.56,0.79,0,1
245,Himachal Pradesh,North,Rural,33815.5,5,1,LPG,2526.62,0.34,49.78,0.37,1,0,0,0,6.08,0.81,1,0
246,Assam,East,Rural,7631.44,9,0,LPG,429.81,0.29,41.51,0.05,1,1,1,1,4.41,0.16,0,0
247,Karnataka,South,Rural,22634.03,8,0,LPG,1359.6,0.47,37.54,0.06,0,0,0,0,2.56,0.64,1,0
248,Assam,East,Rural,8722.35,5,1,Kerosene,622.71,0.59,6.25,0.05,1,1,1,0,6.94,0.03,1,1
249,Gujarat,West,Rural,44571.58,4,1,LPG,1848.73,0.67,54.19,0.77,1,1,0,0,5.16,0.5,0,0
250,Chhattisgarh,Central,Rural,6866.61,9,0,Crop Residue,204.27,0.84,2.69,0.89,1,0,1,1,2.89,0.87,2,0
251,Telangana,South,Rural,22240.24,3,2,LPG,2416.22,0.63,33.37,0.68,1,1,0,0,5.73,0.23,0,1
252,Telangana,South,Urban,47791.4,9,1,Cow Dung Cake,588.76,0.65,4.32,0.04,1,0,0,0,6.61,0.33,2,0
253,Telangana,South,Rural,37645.68,10,0,LPG,735.07,0.37,36.68,0.97,0,1,0,0,4.6,0.5,3,1
254,Karnataka,South,Semi-Urban,61921.26,9,3,LPG,629.99,0.74,4.75,0.53,1,1,0,1,5.22,0.68,1,1
255,Bihar,North,Semi-Urban,6867.54,12,0,Cow Dung Cake,292.27,0.72,13.59,0.84,0,0,1,1,6.58,0.46,1,0
256,Telangana,South,Semi-Urban,17885.36,5,0,LPG,3135.52,0.11,5.18,0.55,0,0,0,1,6.42,0.82,1,1
257,Jharkhand,East,Semi-Urban,4895.16,10,2,LPG,906.19,0.45,7.46,0.14,0,1,1,1,3.73,0.09,0,0
258,Rajasthan,North,Urban,20986.8,11,0,LPG,3029.51,0.63,3.63,0.36,1,1,0,0,4.65,0.26,1,1
259,West Bengal,East,Urban,21998.85,7,1,LPG,2721.12,0.38,2.71,0.8,1,0,0,0,4.38,0.28,0,1
260,West Bengal,East,Semi-Urban,15053.01,5,1,Biogas,1738.45,0.16,1.2,0.3,1,1,0,0,3.7,0.6,1,1
261,Uttar Pradesh,North,Semi-Urban,14405.84,9,0,LPG,400.04,0.92,14.95,0.7,1,0,0,1,4.41,0.73,1,1
262,Gujarat,West,Urban,77657.12,7,4,LPG,2683.45,0.51,2.36,0.93,1,0,0,0,6.83,0.38,0,1
263,Odisha,East,Rural,5074.12,4,0,Cow Dung Cake,535.74,0.89,23.11,0.39,1,1,1,0,5.98,0.94,0,0
264,Odisha,East,Rural,6766.95,11,3,Crop Residue,1494.9,0.4,7.41,0.39,0,1,1,0,4.54,0.6,1,0
265,Gujarat,West,Rural,12309.68,9,0,Firewood,2045.6,0.92,22.1,0.3,0,0,0,0,4.78,0.08,2,0
266,Chhattisgarh,Central,Semi-Urban,10763.5,5,0,Crop Residue,3217.89,0.42,4.95,0.2,1,0,1,1,3.29,0.39,0,0
267,Telangana,South,Rural,27649.45,6,1,LPG,1295.19,0.89,1.2,0.23,1,0,0,0,1.63,0.12,0,0
268,Bihar,North,Semi-Urban,14458.12,7,0,Firewood,2898.63,0.84,9.03,0.35,1,1,0,1,4.97,0.78,0,1
269,Gujarat,West,Rural,17153.79,8,0,LPG,2064.89,0.27,3.75,0.6,1,1,0,0,5.17,0.08,1,1
270,Assam,East,Rural,6001.45,11,0,Firewood,1482.61,0.56,26.84,0.38,1,0,1,0,1.89,0.57,0,0
271,Assam,East,Urban,13651.57,6,3,Firewood,3319.0,0.86,1.83,0.08,1,0,0,0,4.35,0.25,1,0
272,Gujarat,West,Rural,33556.87,6,2,Cow Dung Cake,164.03,0.7,35.48,0.41,1,1,0,0,3.34,0.18,0,0
273,Bihar,North,Rural,11710.22,7,0,Firewood,943.7,0.19,10.26,0.8,1,1,1,1,1.9,0.28,2,0
274,Gujarat,West,Semi-Urban,50984.62,8,3,LPG,902.6,0.46,6.44,0.98,0,1,0,0,5.52,0.42,0,1
275,Tamil Nadu,South,Rural,33006.68,5,0,LPG,1987.77,0.46,28.82,1.0,0,1,0,0,2.23,0.16,1,1
276,West Bengal,East,Semi-Urban,13099.75,6,2,Cow Dung Cake,1551.6,0.42,9.11,0.58,0,1,0,0,4.64,0.21,0,0
277,Rajasthan,North,Urban,15127.14,8,1,LPG,2478.09,0.61,4.08,0.74,1,1,0,0,2.94,0.42,2,1
278,Uttar Pradesh,North,Semi-Urban,6038.19,11,0,Firewood,2610.94,0.12,8.98,0.94,0,1,1,1,4.53,0.41,1,1
279,Assam,East,Rural,12989.21,10,1,Crop Residue,2864.04,0.49,41.37,0.91,1,0,0,0,2.59,0.25,1,0
280,Bihar,North,Rural,8346.45,6,2,Firewood,444.09,0.25,28.74,0.21,1,1,1,1,1.58,0.65,0,0
281,Gujarat,West,Rural,18860.79,2,0,LPG,2371.14,0.71,51.28,1.0,1,0,0,1,1.77,0.23,1,0
282,Gujarat,West,Rural,8034.39,6,2,Kerosene,2689.44,0.78,17.54,0.41,1,1,1,1,3.17,0.78,0,1
283,West Bengal,East,Rural,6126.41,5,0,Crop Residue,2593.19,0.62,11.77,0.5,1,1,1,1,2.78,0.41,0,0
284,Rajasthan,North,Semi-Urban,21971.54,9,1,LPG,2713.4,0.23,10.04,0.64,0,1,0,1,2.97,0.81,1,1
285,Bihar,North,Rural,10279.44,11,1,LPG,2780.03,0.35,50.19,0.1,1,0,1,1,2.77,0.24,1,0
286,Chhattisgarh,Central,Rural,10221.56,7,0,Firewood,2436.89,0.31,51.92,0.87,1,1,1,1,6.93,0.6,0,0
287,Maharashtra,West,Semi-Urban,22536.34,12,0,LPG,3364.23,0.3,1.78,0.19,1,1,0,0,3.71,0.58,2,1
288,Tamil Nadu,South,Semi-Urban,39261.72,6,1,LPG,2513.88,0.93,2.56,0.3,0,1,0,0,3.29,0.07,1,0
289,Tamil Nadu,South,Semi-Urban,49456.28,9,3,LPG,593.16,0.98,8.95,1.0,1,0,0,0,2.91,0.53,2,0
290,Assam,East,Semi-Urban,13220.1,8,4,Firewood,3442.18,0.32,1.56,0.66,1,1,0,0,5.82,0.2,3,1
291,Bihar,North,Semi-Urban,8801.95,2,0,Crop Residue,1193.77,0.86,4.26,0.0,1,1,1,1,2.08,0.55,0,0
292,Odisha,East,Urban,28784.18,8,2,LPG,2571.33,0.31,3.68,0.31,1,0,0,1,5.41,0.23,2,0
293,West Bengal,East,Rural,17920.62,3,0,LPG,1293.17,0.5,37.32,0.51,1,1,0,0,5.78,0.46,0,0
294,Rajasthan,North,Urban,16980.29,8,0,LPG,3473.65,0.87,0.94,0.71,1,0,0,0,2.79,0.82,2,1
295,Madhya Pradesh,Central,Urban,8016.74,2,0,Firewood,355.77,0.3,2.13,0.44,1,1,1,1,4.45,0.84,0,1
296,Chhattisgarh,Central,Rural,5678.85,2,1,Crop Residue,3217.96,0.75,15.96,0.33,0,1,1,1,2.15,0.17,0,0
297,Uttar Pradesh,North,Rural,10736.81,12,2,LPG,3195.83,0.84,48.91,0.2,1,0,1,1,4.5,0.16,1,0
298,Rajasthan,North,Semi-Urban,8735.78,2,2,Crop Residue,2312.54,0.24,8.43,0.09,1,1,1,0,6.76,0.95,0,0
299,Karnataka,South,Semi-Urban,53535.87,8,3,Kerosene,2707.78,0.2,14.73,0.38,1,0,0,0,2.56,0.15,1,0
300,Gujarat,West,Semi-Urban,46269.02,11,3,Cow Dung Cake,1271.54,0.38,9.72,0.36,0,1,0,1,3.6,0.13,2,1
301,Karnataka,South,Urban,78514.42,4,4,LPG,1364.38,0.84,1.42,0.47,1,0,0,0,6.36,0.34,2,1
302,West Bengal,East,Rural,5011.88,11,0,Crop Residue,956.69,0.45,4.89,0.15,1,0,1,1,1.53,0.48,1,0
303,Chhattisgarh,Central,Urban,12171.1,2,1,Cow Dung Cake,3113.0,0.6,2.91,0.2,1,1,0,0,3.55,0.76,0,1
304,Himachal Pradesh,North,Rural,26574.3,9,2,Firewood,1011.16,0.52,12.87,0.74,1,1,0,0,6.79,0.44,1,0
305,Jharkhand,East,Rural,11254.99,4,2,Kerosene,1295.19,0.49,46.74,0.36,1,1,1,1,5.93,0.85,0,0
306,Chhattisgarh,Central,Rural,3180.21,7,0,Cow Dung Cake,1345.89,0.67,10.66,0.75,1,0,1,1,4.15,0.22,2,0
307,Madhya Pradesh,Central,Semi-Urban,12403.15,3,0,Kerosene,1908.92,0.74,4.16,0.45,0,0,0,0,1.72,0.98,0,0
308,Himachal Pradesh,North,Rural,22344.72,3,1,LPG,2599.69,0.79,53.66,0.57,1,1,0,0,6.44,0.12,0,0
309,Telangana,South,Urban,74500.25,6,2,LPG,1289.01,0.88,0.9,0.78,1,0,0,0,2.41,0.71,0,0
310,Jharkhand,East,Rural,4264.92,7,0,LPG,2384.21,0.49,52.45,0.72,1,1,1,0,5.49,0.12,0,0
311,Chhattisgarh,Central,Urban,14680.93,8,0,Firewood,2217.6,0.97,3.77,0.92,1,1,0,0,5.17,0.62,1,0
312,Himachal Pradesh,North,Rural,23091.92,11,1,LPG,2847.33,0.27,5.13,0.44,1,1,0,0,4.57,0.35,0,1
313,West Bengal,East,Urban,18859.36,10,2,Firewood,1740.48,0.4,4.64,0.01,1,1,0,0,1.97,0.97,0,1
314,Maharashtra,West,Rural,18409.97,8,0,Cow Dung Cake,505.64,0.85,13.57,0.19,1,1,0,0,4.67,0.12,0,0
315,Bihar,North,Rural,6824.58,8,1,Firewood,1562.74,0.14,24.97,0.58,1,0,1,0,3.52,0.1,0,0
316,Madhya Pradesh,Central,Urban,32319.6,11,1,LPG,1105.44,0.67,2.55,0.48,1,0,0,0,6.59,0.06,2,1
317,Maharashtra,West,Rural,28251.01,11,0,LPG,3004.36,0.6,28.55,0.1,0,1,0,0,4.82,0.08,1,0
318,Jharkhand,East,Rural,10658.57,8,2,Cow Dung Cake,3097.46,0.68,49.51,0.62,0,0,1,1,5.68,0.68,1,0
319,Himachal Pradesh,North,Semi-Urban,17848.65,7,0,LPG,285.12,0.39,7.29,0.15,1,0,0,0,2.62,0.77,0,1
320,Madhya Pradesh,Central,Urban,30639.97,11,1,LPG,3115.55,0.18,2.92,0.91,1,1,0,0,6.64,0.75,1,0
321,Karnataka,South,Rural,46400.89,12,2,LPG,2497.71,0.79,51.15,0.2,1,1,0,0,3.63,0.28,2,0
322,Telangana,South,Urban,85000.0,9,2,LPG,2256.72,0.68,4.33,0.74,1,1,0,0,4.76,0.49,0,1
323,Himachal Pradesh,North,Rural,35467.69,11,0,LPG,546.1,0.96,47.67,0.58,1,0,0,0,5.88,0.08,0,0
324,Tamil Nadu,South,Rural,32213.32,3,1,LPG,1190.9,0.56,47.2,0.47,1,1,0,1,3.94,0.94,1,1
325,Chhattisgarh,Central,Rural,11700.36,7,1,Biogas,1579.98,0.2,2.16,0.73,1,0,1,0,6.02,0.31,1,0
326,Jharkhand,East,Rural,7224.66,4,0,Firewood,1147.83,0.8,26.2,0.23,0,0,1,1,3.39,0.99,0,0
327,Karnataka,South,Rural,11414.16,11,2,Biogas,318.09,0.19,39.76,0.28,0,0,1,1,2.24,0.47,1,1
328,Assam,East,Urban,20797.67,4,1,LPG,1944.07,0.53,2.25,0.89,1,0,0,0,6.6,0.96,0,1
329,West Bengal,East,Rural,11662.27,10,0,Firewood,1506.64,1.0,3.5,0.58,0,0,1,1,2.92,0.32,2,0
330,Assam,East,Urban,21222.34,8,0,LPG,2810.51,0.66,4.72,0.68,1,1,0,1,5.84,0.02,0,0
331,Bihar,North,Rural,9236.18,2,0,Biogas,943.0,0.89,5.79,0.06,0,0,1,1,1.82,0.27,0,0
332,Maharashtra,West,Semi-Urban,35179.53,10,0,LPG,2887.59,0.11,13.49,0.03,1,0,0,0,4.33,0.8,1,1
333,Assam,East,Urban,14672.11,2,0,Firewood,771.12,0.26,2.81,0.84,1,1,0,0,6.3,0.24,1,0
334,Maharashtra,West,Semi-Urban,44936.48,8,0,LPG,2097.07,0.75,2.3,0.6,1,1,0,0,6.11,0.32,0,1
335,Telangana,South,Rural,33200.32,7,0,LPG,506.48,0.84,8.07,0.75,0,1,0,1,1.54,0.76,0,1
336,West Bengal,East,Rural,10225.98,11,0,Firewood,2997.32,0.44,27.53,0.01,1,1,1,1,5.28,0.81,2,0
337,Jharkhand,East,Rural,4958.29,7,0,Firewood,1769.89,0.3,14.34,0.88,0,1,1,1,5.47,0.01,1,0
338,Assam,East,Rural,9472.84,5,0,Cow Dung Cake,1166.0,0.74,20.05,0.27,1,0,1,1,1.57,0.64,1,1
339,Madhya Pradesh,Central,Rural,4852.68,10,0,Kerosene,1638.02,0.22,47.49,0.82,1,1,1,1,1.79,0.1,0,0
340,Assam,East,Semi-Urban,21854.79,2,0,LPG,156.96,0.33,8.02,0.72,0,1,0,1,3.95,0.03,0,1
341,Assam,East,Rural,8343.29,10,0,Firewood,1644.67,0.6,16.74,0.46,0,0,1,1,6.45,0.63,0,0
342,Himachal Pradesh,North,Semi-Urban,50531.02,6,1,LPG,993.55,0.84,1.74,0.87,1,0,0,0,3.88,1.0,1,0
343,West Bengal,East,Rural,5460.38,4,3,Crop Residue,1044.93,0.92,24.24,0.13,1,1,1,1,2.71,0.44,0,0
344,Himachal Pradesh,North,Rural,22247.15,8,1,LPG,3273.37,0.87,9.8,0.44,1,1,0,0,5.1,1.0,0,0
345,Tamil Nadu,South,Semi-Urban,61715.44,7,3,LPG,579.97,0.69,14.75,0.91,1,0,0,0,6.05,0.7,2,1
346,Karnataka,South,Rural,28637.16,7,1,LPG,1909.82,0.16,53.5,0.36,1,0,0,0,5.14,0.72,1,1
347,Telangana,South,Rural,24780.38,12,1,Biogas,3443.27,0.54,47.88,0.74,1,1,0,0,6.66,0.35,1,1
348,Uttar Pradesh,North,Semi-Urban,6152.17,6,1,Firewood,2564.43,0.56,9.28,0.63,1,1,1,1,5.5,0.87,0,1
349,Assam,East,Rural,4798.03,8,0,Cow Dung Cake,516.79,0.28,54.91,0.54,1,1,1,1,3.92,0.26,0,0
350,Telangana,South,Semi-Urban,56052.71,6,3,LPG,2474.44,0.38,11.51,0.62,0,1,0,0,3.31,0.6,1,1
351,Karnataka,South,Semi-Urban,58431.43,11,4,LPG,1815.72,0.96,4.85,0.02,1,0,0,1,2.65,0.79,2,1
352,West Bengal,East,Rural,7295.37,11,0,LPG,3419.89,0.3,11.84,0.75,1,1,1,1,6.08,0.49,1,0
353,Madhya Pradesh,Central,Rural,9676.6,11,0,Firewood,3093.8,0.28,52.13,0.21,1,0,1,1,2.55,0.52,2,0
354,Telangana,South,Rural,22971.81,7,2,LPG,1869.42,0.2,23.58,0.45,1,1,0,0,1.98,0.24,0,1
355,Bihar,North,Rural,8902.39,7,0,Firewood,209.19,0.19,9.88,0.43,1,0,1,1,2.51,0.01,0,0
356,Chhattisgarh,Central,Urban,23740.81,8,0,LPG,2887.31,0.5,2.7,0.22,1,1,0,0,3.97,0.94,0,1
357,Jharkhand,East,Urban,19273.77,2,2,LPG,162.4,0.25,2.07,0.32,1,1,0,0,4.02,0.1,0,1
358,West Bengal,East,Rural,13131.94,4,0,Firewood,2091.65,0.92,10.17,0.01,1,0,0,0,5.23,0.24,0,1
359,Maharashtra,West,Semi-Urban,48644.8,7,2,LPG,864.23,0.8,3.45,0.26,0,0,0,0,4.33,0.71,0,1
360,West Bengal,East,Urban,30983.77,10,2,LPG,966.42,0.38,2.67,0.06,1,1,0,0,5.64,0.5,2,1
361,Himachal Pradesh,North,Rural,27787.58,4,2,LPG,2817.91,0.64,48.82,0.41,1,1,0,0,2.29,0.09,0,0
362,Chhattisgarh,Central,Semi-Urban,7142.59,3,0,Cow Dung Cake,3104.62,0.96,3.29,0.72,1,0,1,1,6.7,0.63,0,0
363,Tamil Nadu,South,Rural,32828.71,11,2,Kerosene,3091.23,0.34,54.03,0.38,0,0,0,0,1.88,0.58,2,1
364,Jharkhand,East,Rural,10803.1,2,0,Crop Residue,336.69,0.92,38.76,0.51,1,0,1,1,6.47,0.0,0,1
365,Bihar,North,Semi-Urban,9660.69,11,1,Cow Dung Cake,1780.87,0.94,9.74,0.9,1,0,1,1,4.02,0.18,1,0
366,West Bengal,East,Rural,6303.92,3,0,LPG,1351.83,0.67,39.46,0.43,1,1,1,1,3.09,0.48,0,0
367,Uttar Pradesh,North,Semi-Urban,11089.64,3,0,Firewood,1513.11,0.3,8.23,1.0,1,1,1,0,2.64,0.93,0,1
368,Karnataka,South,Rural,41310.65,4,3,Kerosene,684.88,0.81,34.09,0.04,1,0,0,0,5.73,0.81,1,0
369,Jharkhand,East,Urban,8507.44,8,0,LPG,3191.0,0.18,4.71,0.83,1,0,1,1,6.18,0.29,2,1
370,Tamil Nadu,South,Rural,35102.39,3,4,LPG,206.85,0.96,2.93,0.14,0,1,0,1,5.16,0.82,1,1
371,Jharkhand,East,Urban,22257.43,5,0,LPG,1835.79,0.79,2.68,0.15,1,0,0,1,4.87,0.16,0,1
372,Rajasthan,North,Semi-Urban,19078.12,3,0,LPG,2889.7,0.98,7.78,0.45,1,0,0,0,4.5,0.09,1,0
373,Telangana,South,Rural,9028.87,10,1,Cow Dung Cake,2561.99,0.19,34.46,0.36,1,0,1,0,5.43,0.87,1,0
374,Uttar Pradesh,North,Rural,6760.96,6,0,Firewood,2496.17,0.78,6.27,0.51,1,1,1,1,4.45,0.39,0,0
375,Rajasthan,North,Semi-Urban,11405.59,3,1,LPG,1501.79,0.4,7.63,0.57,1,1,1,1,2.09,0.24,0,1
376,Jharkhand,East,Rural,10005.86,2,0,Cow Dung Cake,1998.24,0.42,24.88,0.97,1,0,1,1,5.68,0.21,0,0
377,Telangana,South,Semi-Urban,25906.09,5,0,LPG,836.68,0.77,1.26,0.85,0,1,0,0,5.47,0.32,1,1
378,Himachal Pradesh,North,Rural,17898.5,9,0,Kerosene,2103.98,0.76,18.02,0.03,0,1,0,0,3.99,0.04,1,0
379,Odisha,East,Semi-Urban,6146.83,6,0,Kerosene,3048.74,0.64,11.05,0.12,1,1,1,1,2.57,0.31,0,0
380,Madhya Pradesh,Central,Rural,9746.98,3,0,Biogas,2630.27,0.21,41.73,0.1,0,1,1,1,2.46,0.67,2,0
381,Rajasthan,North,Rural,4880.7,12,0,LPG,668.53,0.37,14.07,0.37,1,1,1,1,1.81,0.14,2,0
382,Uttar Pradesh,North,Rural,5514.06,2,0,Cow Dung Cake,2031.34,0.25,11.27,0.32,1,0,1,1,1.62,0.8,1,0
383,Chhattisgarh,Central,Rural,3808.4,12,0,Cow Dung Cake,2772.2,0.94,38.21,0.16,1,1,1,0,5.37,0.4,1,1
384,Bihar,North,Semi-Urban,6973.24,5,0,Firewood,1813.33,0.21,6.31,0.35,1,1,1,1,3.55,0.15,0,1
385,Bihar,North,Rural,6657.77,8,0,Cow Dung Cake,556.6,0.99,43.05,0.39,1,1,1,0,3.58,0.84,0,0
386,Telangana,South,Semi-Urban,63535.92,8,1,LPG,2592.86,0.55,6.52,0.17,0,0,0,0,4.56,0.89,1,1
387,Himachal Pradesh,North,Rural,8669.0,5,2,Cow Dung Cake,2951.58,0.29,7.07,0.85,0,1,1,1,4.25,0.98,1,1
388,Tamil Nadu,South,Rural,50377.59,12,3,Cow Dung Cake,1990.53,0.63,36.07,0.26,1,1,0,0,6.05,0.56,1,1
389,Tamil Nadu,South,Rural,26661.56,9,0,LPG,2644.4,0.97,39.62,0.99,1,0,0,0,5.36,0.37,1,0
390,Odisha,East,Semi-Urban,13256.32,12,0,Crop Residue,1838.11,0.11,5.76,0.6,1,1,0,0,5.51,0.32,2,0
391,Uttar Pradesh,North,Urban,19023.62,6,0,LPG,2520.97,0.42,0.85,0.43,1,1,0,0,5.25,0.87,0,1
392,Uttar Pradesh,North,Rural,9454.63,7,0,Firewood,571.11,0.47,42.05,0.9,1,0,1,1,5.93,0.83,0,0
393,West Bengal,East,Rural,17720.08,2,1,LPG,1649.13,0.96,50.62,0.31,1,1,0,1,4.48,0.63,0,0
394,Bihar,North,Semi-Urban,8074.21,9,1,Cow Dung Cake,1283.53,0.94,13.73,0.21,0,1,1,1,6.82,0.89,1,0
395,Jharkhand,East,Rural,9211.54,4,0,Crop Residue,2016.79,0.77,15.75,0.56,0,1,1,1,5.31,0.99,0,0
396,Chhattisgarh,Central,Rural,5965.77,8,0,Cow Dung Cake,2817.56,0.62,52.83,0.66,1,0,1,0,5.61,0.21,2,0
397,Telangana,South,Urban,54437.01,10,3,LPG,2613.09,0.82,1.71,0.89,1,0,0,0,2.07,0.73,1,1
398,Maharashtra,West,Semi-Urban,34108.31,5,1,LPG,1875.89,0.8,8.65,0.55,0,0,0,0,2.98,0.02,0,0
399,Tamil Nadu,South,Semi-Urban,23552.73,6,1,LPG,363.06,0.6,12.7,1.0,1,0,0,1,2.55,0.62,0,1
400,Rajasthan,North,Rural,13592.82,2,1,LPG,1047.96,0.83,3.52,0.54,0,1,0,1,5.12,0.82,0,0
401,Odisha,East,Semi-Urban,15156.55,3,1,LPG,2661.21,0.75,9.63,0.36,1,1,0,0,2.98,0.49,1,1
402,Tamil Nadu,South,Rural,41876.02,11,0,LPG,1636.4,0.9,22.92,0.15,1,1,0,0,6.91,0.84,2,0
403,Gujarat,West,Rural,37882.16,5,0,LPG,3242.62,0.29,48.14,0.03,0,1,0,0,5.61,0.21,1,0
404,Gujarat,West,Rural,16349.59,12,1,LPG,3190.97,0.76,40.58,0.08,1,1,0,0,2.14,0.33,1,0
405,Karnataka,South,Rural,20516.5,7,0,LPG,2238.43,0.97,30.96,0.34,1,1,0,0,5.2,0.24,1,0
406,Karnataka,South,Rural,24368.81,6,1,LPG,2538.6,0.43,3.39,0.75,1,0,0,0,2.51,0.58,0,1
407,Jharkhand,East,Rural,10368.72,6,0,Cow Dung Cake,2033.07,0.11,4.78,0.88,0,1,1,1,2.99,0.37,1,0
408,Maharashtra,West,Semi-Urban,42247.58,3,1,LPG,1524.52,0.52,1.21,0.19,1,1,0,0,3.61,0.85,0,0
409,Chhattisgarh,Central,Rural,11181.56,12,1,Cow Dung Cake,1376.19,0.83,29.02,0.12,0,1,1,1,3.2,0.87,4,1
410,Karnataka,South,Semi-Urban,15114.27,2,1,LPG,1393.76,0.55,11.02,0.11,1,1,0,0,6.0,0.17,0,1
411,Telangana,South,Rural,24900.22,3,0,Kerosene,2380.31,0.57,35.35,0.34,1,1,0,0,3.97,0.76,2,1
412,Rajasthan,North,Semi-Urban,17893.55,9,0,LPG,3152.46,0.72,12.96,0.09,1,0,0,0,2.82,0.42,0,0
413,Karnataka,South,Rural,12016.64,6,1,LPG,1311.51,0.77,49.2,0.76,1,1,0,0,2.22,0.35,0,0
414,Chhattisgarh,Central,Urban,6749.59,8,0,Firewood,2010.24,0.57,3.45,0.23,1,0,1,0,3.55,0.35,2,0
415,Tamil Nadu,South,Rural,45751.63,11,2,LPG,2032.29,0.77,36.57,0.36,1,0,0,0,5.6,0.38,0,0
416,Gujarat,West,Rural,39496.66,2,1,LPG,3175.97,0.19,13.15,0.71,1,1,0,0,1.99,0.44,1,1
417,West Bengal,East,Rural,12278.22,4,2,Firewood,1280.15,0.18,52.9,0.81,1,0,0,1,3.4,0.16,0,0
418,Madhya Pradesh,Central,Semi-Urban,8437.41,12,0,Crop Residue,2796.41,0.68,12.88,0.74,1,1,1,1,7.0,0.72,1,1
419,Karnataka,South,Semi-Urban,29897.59,8,0,LPG,1708.44,0.16,9.17,0.6,0,1,0,0,4.58,0.52,0,0
420,Jharkhand,East,Urban,11908.59,6,0,Firewood,1589.93,0.36,3.82,0.45,1,0,1,1,4.27,0.32,1,0
421,Assam,East,Rural,14896.75,3,1,Crop Residue,2916.73,0.37,22.22,0.32,1,0,0,1,3.22,0.1,0,0
422,Uttar Pradesh,North,Rural,8218.25,11,1,Kerosene,2890.65,0.96,45.42,0.56,0,0,1,1,5.94,0.51,0,0
423,Uttar Pradesh,North,Rural,11392.54,10,2,LPG,3272.63,0.79,41.25,0.23,0,1,1,1,3.09,0.85,1,0
424,Himachal Pradesh,North,Semi-Urban,54580.89,6,2,LPG,683.97,0.97,13.76,0.17,0,0,0,1,2.56,0.42,0,0
425,Madhya Pradesh,Central,Semi-Urban,12502.8,5,0,Firewood,1245.47,0.67,4.49,0.91,1,0,0,1,6.77,0.08,0,0
426,Gujarat,West,Rural,34460.06,10,1,Biogas,1835.29,0.17,34.29,0.34,1,1,0,0,2.55,0.77,0,0
427,Telangana,South,Rural,9449.85,11,0,Biogas,3271.3,0.29,20.02,0.15,1,1,1,1,6.62,0.38,0,0
428,Bihar,North,Rural,4004.72,9,0,Firewood,276.58,0.68,14.81,0.05,1,1,1,1,4.16,0.42,0,0
429,Jharkhand,East,Rural,11343.04,6,0,Firewood,3201.29,0.65,22.95,0.93,0,0,1,1,1.72,0.4,0,0
430,Telangana,South,Rural,42211.22,11,1,LPG,581.33,0.95,26.4,0.32,1,1,0,0,5.97,0.87,1,0
431,Assam,East,Rural,5013.45,2,0,Firewood,3106.36,0.12,41.52,0.47,1,0,1,1,3.48,0.54,0,0
432,Jharkhand,East,Rural,6375.89,2,0,LPG,2301.07,0.37,7.39,0.84,1,1,1,0,4.81,0.06,1,0
433,Maharashtra,West,Urban,37646.11,10,0,LPG,1854.12,0.75,2.09,0.33,1,1,0,0,5.93,0.37,1,1
434,Assam,East,Urban,14739.95,7,0,LPG,1505.05,0.51,3.68,0.82,1,1,0,0,3.53,0.69,1,1
435,Maharashtra,West,Rural,27741.51,6,1,LPG,201.92,0.25,33.56,0.71,0,0,0,1,1.9,0.89,0,1
436,Uttar Pradesh,North,Semi-Urban,13456.48,4,1,Cow Dung Cake,284.23,0.99,6.06,0.15,1,0,0,0,4.73,0.45,1,1
437,Telangana,South,Urban,85000.0,6,3,LPG,1844.34,0.12,4.7,0.08,1,1,0,1,2.25,0.45,1,0
438,Jharkhand,East,Semi-Urban,14779.48,8,0,LPG,1674.67,0.6,6.36,0.46,0,0,0,0,4.99,0.45,0,0
439,Himachal Pradesh,North,Rural,26409.95,12,1,Firewood,215.14,0.98,12.57,0.81,0,1,0,1,4.64,0.01,2,0
440,Madhya Pradesh,Central,Rural,10778.58,4,0,Firewood,454.63,0.93,38.07,0.13,1,1,1,1,1.74,0.24,1,0
441,Uttar Pradesh,North,Urban,11787.75,8,0,Firewood,244.44,0.32,4.47,0.42,1,1,1,0,4.34,0.91,1,1
442,Madhya Pradesh,Central,Rural,4151.18,8,1,Firewood,1764.68,0.16,15.66,0.32,1,0,1,1,2.39,0.49,1,1
443,Karnataka,South,Urban,36165.29,8,2,LPG,1730.07,0.61,0.71,0.62,1,1,0,0,1.92,0.31,1,1
444,Rajasthan,North,Rural,17473.11,7,1,LPG,1216.81,0.76,16.18,0.74,0,1,0,0,3.91,0.61,2,1
445,Jharkhand,East,Urban,14248.56,11,0,LPG,1417.46,0.77,0.94,0.48,1,1,0,0,4.26,0.23,0,0
446,Telangana,South,Rural,23481.03,5,0,LPG,2176.99,0.6,27.01,0.5,0,1,0,0,2.22,0.77,2,1
447,Maharashtra,West,Rural,35169.47,11,1,LPG,1619.35,0.78,23.41,0.94,1,1,0,0,6.2,0.78,2,1
448,Tamil Nadu,South,Semi-Urban,54439.2,5,2,Biogas,1619.59,0.59,14.54,0.26,1,1,0,0,3.39,0.56,0,1
449,Uttar Pradesh,North,Rural,3414.62,10,0,Firewood,2481.2,0.25,41.58,0.97,1,0,1,1,6.04,0.06,2,1
450,West Bengal,East,Urban,12561.27,9,0,Kerosene,3263.52,0.67,2.28,0.25,1,1,0,1,5.82,0.33,0,0
451,Uttar Pradesh,North,Semi-Urban,3904.7,9,0,Firewood,1650.64,0.5,13.49,0.13,0,0,1,0,5.13,0.43,1,0
452,Assam,East,Semi-Urban,16229.45,7,0,LPG,3019.65,0.93,14.27,0.55,1,1,0,0,1.85,0.64,2,1
453,Karnataka,South,Urban,32583.86,12,3,Kerosene,1591.56,0.35,4.49,0.04,1,1,0,0,5.84,0.03,0,0
454,Chhattisgarh,Central,Rural,9936.23,12,0,Biogas,281.63,0.69,24.63,0.95,1,1,1,1,1.87,0.19,1,0
455,Karnataka,South,Semi-Urban,25832.93,10,1,LPG,1321.84,0.48,2.36,0.12,1,1,0,1,4.56,0.65,0,1
456,Rajasthan,North,Rural,11622.46,11,0,Firewood,2551.01,0.74,13.26,0.27,1,0,1,1,2.35,0.86,1,0
457,Tamil Nadu,South,Rural,50441.76,3,0,LPG,1149.43,0.34,9.42,0.36,1,1,0,0,4.26,0.78,0,1
458,Assam,East,Semi-Urban,17711.35,12,1,Firewood,1317.82,0.75,1.66,0.18,1,1,0,1,5.97,0.13,1,0
459,Karnataka,South,Semi-Urban,26644.12,3,0,LPG,1839.82,0.63,7.94,0.5,1,0,0,0,3.89,0.36,0,1
460,Uttar Pradesh,North,Urban,14734.6,3,0,Firewood,539.2,0.65,2.5,0.19,1,0,0,0,4.4,0.73,1,0
461,Karnataka,South,Semi-Urban,51513.91,3,1,LPG,2888.84,0.86,8.05,0.86,0,0,0,1,5.76,0.45,0,1
462,Bihar,North,Semi-Urban,7874.03,4,0,Firewood,2942.47,0.28,13.44,0.46,1,1,1,0,6.91,0.96,1,0
463,Odisha,East,Rural,10712.37,2,0,Firewood,1434.84,0.85,35.97,0.61,1,1,1,1,4.32,0.4,1,0
464,Assam,East,Urban,11924.63,10,0,Firewood,613.12,0.5,2.73,0.4,1,1,1,1,4.8,0.81,2,1
465,Maharashtra,West,Urban,67310.26,8,4,Cow Dung Cake,393.13,0.87,1.46,0.67,1,1,0,0,2.21,0.56,1,1
466,Karnataka,South,Semi-Urban,26866.21,11,0,LPG,1804.39,0.97,11.66,0.49,1,1,0,1,5.81,0.32,1,1
467,Karnataka,South,Semi-Urban,45208.85,9,0,LPG,1582.14,0.35,6.07,0.84,0,1,0,0,1.7,0.2,2,1
468,Maharashtra,West,Rural,22566.23,10,1,LPG,2657.16,0.97,25.51,0.24,1,1,0,0,4.65,0.5,1,0
469,Maharashtra,West,Semi-Urban,22676.68,10,1,LPG,2865.52,0.76,10.12,0.11,1,1,0,1,6.56,0.06,0,1
470,Odisha,East,Semi-Urban,6911.89,5,0,Crop Residue,177.99,0.25,8.92,0.71,1,1,1,1,1.51,0.12,0,1
471,Uttar Pradesh,North,Rural,6446.44,3,0,Cow Dung Cake,3312.39,0.14,46.83,1.0,1,1,1,0,5.54,0.3,1,0
472,Rajasthan,North,Rural,12123.2,2,1,LPG,2849.25,0.64,16.62,0.89,1,1,0,0,5.01,0.05,0,0
473,Jharkhand,East,Urban,13884.61,9,0,Crop Residue,1313.41,0.71,2.18,0.15,1,0,0,0,1.73,0.53,1,0
474,Chhattisgarh,Central,Urban,18012.32,8,1,LPG,3414.07,0.14,2.1,0.21,1,1,0,0,4.16,0.69,0,1
475,Maharashtra,West,Rural,40947.37,12,2,LPG,2549.69,0.7,26.5,0.64,0,1,0,1,4.25,0.36,2,1
476,Gujarat,West,Rural,34880.38,11,1,LPG,2030.54,0.89,29.27,0.52,1,1,0,1,1.9,0.05,2,0
477,Rajasthan,North,Rural,12114.85,9,0,Firewood,717.48,0.66,39.68,0.57,1,0,0,1,4.7,0.13,3,0
478,Tamil Nadu,South,Rural,40718.57,5,3,Cow Dung Cake,262.38,0.6,38.37,0.8,1,0,0,0,1.59,0.09,0,0
479,Assam,East,Rural,7318.99,7,0,Firewood,2479.12,0.23,35.37,0.05,1,0,1,1,6.61,0.05,1,1
480,West Bengal,East,Rural,17071.5,12,0,Biogas,1440.29,0.41,48.17,0.56,1,1,0,0,2.39,0.67,2,0
481,Maharashtra,West,Semi-Urban,24889.23,3,0,LPG,1163.85,0.7,2.8,0.69,0,1,0,0,5.62,0.26,0,1
482,Assam,East,Semi-Urban,15382.45,9,1,LPG,3441.64,0.58,11.92,0.84,1,0,0,0,6.22,0.3,1,1
483,Jharkhand,East,Rural,3231.68,4,1,Cow Dung Cake,3274.35,0.67,16.21,0.64,1,0,1,1,4.25,0.68,1,0
484,Tamil Nadu,South,Semi-Urban,24815.36,5,1,LPG,642.1,0.87,10.37,0.19,1,1,0,0,5.19,0.32,0,0
485,Jharkhand,East,Rural,9475.14,3,0,Firewood,1878.42,0.33,51.76,0.91,1,0,1,1,5.5,0.45,0,0
486,Chhattisgarh,Central,Urban,9315.96,10,0,Firewood,2875.61,0.13,2.88,0.66,1,1,1,1,4.09,0.41,0,1
487,Rajasthan,North,Rural,4941.37,3,1,Firewood,3052.53,0.13,50.25,0.12,1,0,1,1,4.32,0.14,0,1
488,Karnataka,South,Rural,19642.04,10,0,LPG,198.63,0.62,22.42,0.37,0,1,0,1,3.14,0.6,2,1
489,Tamil Nadu,South,Semi-Urban,31360.7,2,4,LPG,1446.62,0.68,1.15,0.05,1,1,0,1,2.08,0.82,2,1
490,Himachal Pradesh,North,Rural,19714.29,2,2,LPG,1793.56,0.86,38.98,0.49,1,1,0,0,2.72,0.27,0,0
491,Assam,East,Rural,4625.26,9,1,Firewood,2849.01,0.7,40.42,0.43,1,1,1,1,3.96,0.47,0,0
492,Assam,East,Rural,13069.72,7,1,LPG,2737.95,0.25,45.29,0.77,1,0,0,0,2.17,0.51,0,0
493,Assam,East,Urban,32887.59,9,3,LPG,699.13,0.44,1.13,0.62,1,1,0,0,6.73,0.06,0,1
494,Himachal Pradesh,North,Semi-Urban,48145.2,7,4,LPG,653.54,0.13,13.24,0.31,0,1,0,0,1.67,0.27,1,1
495,Chhattisgarh,Central,Semi-Urban,14849.04,6,0,LPG,2687.52,0.76,10.78,0.2,1,1,0,0,3.91,0.78,0,0
496,Himachal Pradesh,North,Urban,38027.85,9,2,LPG,1067.94,0.38,1.03,0.27,1,1,0,1,2.07,0.72,2,1
497,Karnataka,South,Rural,54588.6,9,0,LPG,1012.17,0.72,2.66,0.84,1,1,0,0,5.22,0.77,2,1
498,Bihar,North,Urban,10896.05,6,0,Firewood,2123.67,0.51,3.85,0.21,1,1,1,1,1.83,0.61,0,1
499,Rajasthan,North,Rural,5529.91,6,0,LPG,1310.67,0.98,53.9,0.27,0,1,1,0,5.39,0.03,0,0
500,Maharashtra,West,Semi-Urban,31517.9,4,2,LPG,1276.65,0.31,7.47,0.55,1,0,0,1,2.43,0.97,1,0
501,Gujarat,West,Rural,16809.15,2,0,Kerosene,2546.71,0.16,18.55,0.28,1,1,0,0,6.62,0.95,0,0
502,Tamil Nadu,South,Rural,18834.86,5,0,LPG,1542.84,0.87,13.02,0.24,1,0,0,0,2.24,0.32,1,0
503,Rajasthan,North,Rural,6674.73,2,1,Kerosene,1443.62,0.96,50.13,0.96,1,0,1,1,2.19,0.79,0,0
504,Karnataka,South,Semi-Urban,36112.6,4,0,LPG,2143.09,0.81,14.85,0.68,1,0,0,0,2.09,0.26,1,1
505,Gujarat,West,Urban,33287.07,10,3,LPG,2798.52,0.22,1.9,0.62,1,1,0,1,3.79,0.4,3,1
506,Karnataka,South,Rural,52743.3,11,2,LPG,1375.83,0.32,37.13,0.2,1,0,0,1,4.25,0.87,0,0
507,Odisha,East,Rural,14966.06,6,0,Crop Residue,3291.43,0.18,1.56,0.81,0,1,0,0,5.08,0.2,0,0
508,Rajasthan,North,Rural,12933.3,7,0,Firewood,899.79,0.41,54.51,0.52,1,0,0,0,1.61,0.14,1,0
509,Bihar,North,Rural,4865.54,2,1,Cow Dung Cake,2458.15,0.61,37.76,0.0,1,0,1,1,3.89,0.95,0,0
510,Gujarat,West,Rural,13833.46,5,0,LPG,505.52,0.72,53.84,0.73,1,1,0,0,2.87,0.34,1,0
511,Karnataka,South,Semi-Urban,33200.68,12,1,Firewood,1199.47,0.57,5.2,0.11,1,0,0,1,2.06,0.05,3,1
512,Rajasthan,North,Semi-Urban,17527.62,9,0,LPG,1355.71,0.7,1.09,0.39,1,1,0,1,2.62,0.25,3,1
513,Karnataka,South,Rural,17310.48,8,2,Cow Dung Cake,764.58,0.78,1.7,0.82,0,1,0,0,4.86,0.7,1,1
514,Odisha,East,Urban,21853.12,11,1,LPG,262.73,0.23,3.24,0.18,1,0,0,1,5.96,0.8,2,1
515,Assam,East,Rural,4251.41,6,0,Crop Residue,2308.82,0.13,45.65,0.79,1,1,1,0,2.61,0.18,1,0
516,Rajasthan,North,Semi-Urban,19644.11,8,0,Firewood,2177.09,0.46,4.83,0.87,1,1,0,0,2.22,0.7,1,0
517,Maharashtra,West,Semi-Urban,44631.91,6,1,LPG,3045.17,0.52,11.29,0.62,1,1,0,1,4.04,0.94,1,1
518,Tamil Nadu,South,Rural,36966.13,11,2,LPG,1716.99,0.97,41.54,0.81,0,1,0,0,6.07,0.05,2,1
519,Gujarat,West,Rural,36215.13,7,2,LPG,1918.15,1.0,46.46,0.36,0,1,0,1,5.08,0.97,0,1
520,Uttar Pradesh,North,Semi-Urban,5223.27,2,2,Cow Dung Cake,1952.76,0.52,4.76,0.28,1,0,1,1,4.73,0.07,0,0
521,Uttar Pradesh,North,Rural,7423.63,10,1,Kerosene,3398.02,0.77,10.07,0.06,1,0,1,1,3.52,0.32,1,0
522,West Bengal,East,Semi-Urban,14998.59,8,1,Cow Dung Cake,372.68,0.1,8.09,0.34,1,1,0,1,6.75,0.89,1,0
523,Maharashtra,West,Semi-Urban,46989.9,4,1,LPG,3191.37,0.48,11.86,0.27,1,0,0,1,1.67,0.71,0,1
524,Jharkhand,East,Rural,10761.91,9,0,Firewood,2587.82,0.7,4.41,0.75,0,1,1,1,2.94,0.98,1,0
525,Chhattisgarh,Central,Rural,5506.19,9,1,LPG,3204.77,0.77,11.28,0.84,1,1,1,1,4.43,0.64,2,0
526,Jharkhand,East,Rural,6930.99,12,0,Firewood,225.54,0.15,3.36,0.91,1,1,1,1,2.36,0.39,1,0
527,Assam,East,Rural,16989.08,5,1,Cow Dung Cake,1871.48,0.31,10.38,0.81,0,1,0,1,2.52,0.98,1,1
528,Madhya Pradesh,Central,Rural,5950.15,2,0,Firewood,1090.13,0.98,8.86,0.73,0,1,1,1,3.08,0.19,0,1
529,Bihar,North,Rural,10714.74,8,0,Biogas,3243.05,0.51,46.62,0.45,1,0,1,1,1.62,0.44,0,0
530,Madhya Pradesh,Central,Rural,12706.8,10,2,Cow Dung Cake,1235.05,0.22,48.87,0.47,1,1,0,0,5.92,0.66,1,1
531,West Bengal,East,Rural,15421.97,8,0,LPG,454.97,0.68,23.02,0.41,1,0,0,0,5.75,0.83,0,0
532,Jharkhand,East,Rural,11688.7,10,0,Cow Dung Cake,3228.78,0.91,24.92,0.27,1,0,1,0,6.24,0.07,2,0
533,Tamil Nadu,South,Rural,39329.09,10,1,LPG,3114.8,0.3,25.76,0.47,1,1,0,0,5.19,0.85,1,0
534,Rajasthan,North,Semi-Urban,16145.24,12,0,LPG,154.54,0.55,11.42,0.82,1,1,0,0,1.94,0.49,1,1
535,Karnataka,South,Urban,56468.11,6,4,LPG,1471.52,0.98,3.92,0.51,1,0,0,1,4.7,0.99,0,1
536,Bihar,North,Rural,8440.4,10,0,Cow Dung Cake,2408.64,0.3,2.4,0.41,1,1,1,1,4.01,0.61,2,1
537,Himachal Pradesh,North,Rural,22009.77,6,3,LPG,1175.1,0.93,32.58,0.41,1,1,0,1,4.25,0.11,2,0
538,Gujarat,West,Rural,27875.26,8,1,LPG,3412.16,0.11,49.49,0.93,1,0,0,0,5.1,0.03,1,0
539,Rajasthan,North,Urban,11806.12,5,0,Firewood,1824.01,0.63,1.17,0.4,1,1,1,1,6.35,0.39,0,1
540,Bihar,North,Semi-Urban,7593.15,7,1,Cow Dung Cake,232.01,0.81,0.67,0.29,0,0,1,1,3.79,0.46,0,0
541,Gujarat,West,Urban,39900.43,10,3,LPG,3042.88,0.71,1.47,0.64,1,1,0,1,5.58,0.85,2,1
542,West Bengal,East,Semi-Urban,17785.4,6,2,LPG,3307.72,0.85,9.54,0.67,1,1,0,0,2.34,0.81,1,1
543,Maharashtra,West,Rural,22276.8,8,0,Kerosene,1577.49,0.36,9.24,0.28,1,1,0,0,4.9,0.76,0,0
544,Jharkhand,East,Rural,3909.25,3,0,Kerosene,2937.52,0.43,12.13,0.39,1,1,1,1,2.12,0.81,1,0
545,Himachal Pradesh,North,Urban,28165.06,7,1,LPG,2985.56,0.54,0.67,0.54,1,0,0,0,3.03,0.77,0,0
546,Himachal Pradesh,North,Rural,39741.9,11,1,LPG,203.96,0.21,10.58,0.11,1,1,0,0,4.95,0.36,0,0
547,Madhya Pradesh,Central,Rural,5917.53,3,0,Crop Residue,1015.19,0.53,54.56,0.69,1,1,1,1,1.72,0.12,0,0
548,Assam,East,Semi-Urban,6784.89,2,0,Kerosene,1202.05,0.51,3.93,0.63,1,1,1,1,2.25,0.42,0,1
549,Assam,East,Semi-Urban,20523.14,6,0,LPG,1863.65,0.95,1.11,0.5,1,1,0,0,4.65,0.85,0,1
550,Chhattisgarh,Central,Rural,3744.0,5,0,Cow Dung Cake,1620.75,0.14,50.65,0.47,0,1,1,0,2.68,0.06,0,1
551,Telangana,South,Rural,29894.48,12,1,LPG,192.73,0.73,23.28,0.57,1,0,0,1,2.24,0.67,2,1
552,Jharkhand,East,Urban,16083.09,12,0,LPG,867.91,0.63,2.49,0.03,1,1,0,0,5.49,0.7,1,1
553,Himachal Pradesh,North,Rural,14834.41,3,1,Firewood,2155.19,0.55,3.33,0.94,1,0,0,0,3.36,0.02,0,0
554,Bihar,North,Semi-Urban,11233.37,9,0,Firewood,2846.8,0.12,12.54,0.14,1,1,1,1,2.11,0.86,1,0
555,Tamil Nadu,South,Semi-Urban,61216.99,7,4,LPG,512.77,0.48,11.04,0.11,1,0,0,1,1.85,0.69,1,0
556,Uttar Pradesh,North,Rural,7161.25,10,1,Kerosene,3268.21,0.32,31.94,0.27,1,0,1,1,3.27,0.64,1,0
557,Jharkhand,East,Rural,6067.95,7,0,Cow Dung Cake,189.01,0.6,36.55,0.59,1,1,1,0,4.78,0.27,0,0
558,Chhattisgarh,Central,Rural,4514.08,5,1,Firewood,1029.07,0.78,42.66,0.46,1,0,1,1,6.1,0.69,1,0
559,Jharkhand,East,Semi-Urban,6850.53,4,1,Crop Residue,473.57,0.96,11.97,0.37,1,0,1,0,5.29,0.85,2,0
560,Odisha,East,Rural,8216.23,5,2,LPG,451.88,0.79,34.12,0.6,1,1,1,1,2.12,0.53,0,0
561,Rajasthan,North,Semi-Urban,12151.64,5,0,Firewood,289.02,0.35,4.04,0.56,0,1,0,0,4.67,0.7,1,0
562,Telangana,South,Rural,15683.16,9,0,LPG,2373.72,0.54,28.7,0.43,1,1,0,0,2.11,0.84,0,0
563,Maharashtra,West,Semi-Urban,56123.57,3,2,LPG,2096.51,0.95,12.27,0.74,1,0,0,1,3.02,0.93,0,1
564,Tamil Nadu,South,Rural,49783.12,12,1,LPG,2950.87,0.75,29.02,0.05,1,1,0,1,5.87,0.75,1,0
565,Himachal Pradesh,North,Rural,13114.59,7,0,Firewood,1784.39,0.73,28.47,0.87,1,0,0,1,3.58,0.58,3,0
566,Telangana,South,Rural,14737.86,8,0,Cow Dung Cake,2867.62,0.3,39.6,0.94,1,1,0,0,3.29,0.48,0,0
567,Chhattisgarh,Central,Rural,8795.05,8,2,Kerosene,1466.39,0.97,23.16,0.6,1,1,1,1,4.36,0.27,0,0
568,Chhattisgarh,Central,Semi-Urban,13212.18,8,0,Cow Dung Cake,1506.45,0.28,14.44,0.51,1,1,0,0,3.74,0.41,0,0
569,Bihar,North,Semi-Urban,6068.64,3,0,Firewood,572.55,0.94,9.27,0.66,1,1,1,1,3.53,0.96,0,1
570,Assam,East,Rural,11488.66,9,0,Firewood,3015.62,0.13,4.65,0.27,0,0,1,1,4.6,0.01,0,0
571,Uttar Pradesh,North,Rural,4505.71,11,1,Crop Residue,2590.38,0.1,52.49,0.81,1,0,1,1,5.95,0.84,2,1
572,Tamil Nadu,South,Urban,67475.07,4,0,LPG,572.29,0.89,2.8,0.4,1,1,0,1,3.56,0.24,0,1
573,Karnataka,South,Urban,23917.37,4,2,LPG,1662.27,0.32,4.05,0.63,1,0,0,0,6.03,0.45,2,1
574,Tamil Nadu,South,Rural,49953.92,12,2,Kerosene,3258.58,0.51,40.53,0.37,0,0,0,0,5.29,0.33,3,0
575,Assam,East,Urban,22377.94,6,0,LPG,1049.81,0.58,4.25,0.4,1,1,0,0,5.94,0.76,0,1
576,Odisha,East,Rural,14848.02,7,1,Cow Dung Cake,1258.16,0.26,42.21,0.79,1,1,0,0,2.71,0.68,0,0
577,West Bengal,East,Semi-Urban,12136.03,6,0,LPG,3142.44,0.56,12.47,0.82,1,1,0,0,4.85,0.47,1,1
578,Himachal Pradesh,North,Rural,26944.87,3,0,LPG,2260.23,0.12,29.99,0.09,0,1,0,0,3.37,0.06,2,0
579,Chhattisgarh,Central,Rural,5271.72,7,0,Firewood,1322.04,0.74,20.55,0.56,0,1,1,1,5.49,0.21,0,0
580,Odisha,East,Rural,17848.6,4,0,LPG,2862.41,0.73,42.24,0.44,1,0,0,0,4.98,0.98,1,0
581,Bihar,North,Semi-Urban,7923.09,9,1,Kerosene,345.3,1.0,11.41,0.86,1,1,1,1,6.32,0.2,1,1
582,Telangana,South,Semi-Urban,42390.3,12,2,LPG,1892.28,0.85,6.58,0.19,1,1,0,0,5.93,0.79,1,1
583,Telangana,South,Semi-Urban,23168.05,9,2,LPG,3085.65,0.37,0.67,0.3,1,0,0,0,6.32,0.91,0,1
584,Rajasthan,North,Semi-Urban,11372.18,6,1,Firewood,177.16,0.11,7.18,0.49,0,1,1,1,3.16,0.17,0,1
585,Odisha,East,Rural,8159.35,5,0,Firewood,2397.77,0.78,6.52,0.47,0,1,1,1,4.35,0.92,0,0
586,West Bengal,East,Semi-Urban,12029.48,10,0,Kerosene,1598.53,0.85,12.43,0.19,1,0,0,0,3.13,0.73,2,0
587,Telangana,South,Rural,41900.9,7,1,LPG,1744.29,0.14,53.4,0.72,1,0,0,0,4.94,0.15,0,0
588,Tamil Nadu,South,Rural,12337.16,11,1,LPG,1294.73,0.72,1.57,0.74,1,1,0,1,6.59,0.91,1,1
589,Assam,East,Urban,16871.66,6,1,LPG,3225.95,0.83,4.9,0.88,1,0,0,0,3.1,0.61,1,1
590,Assam,East,Semi-Urban,7135.9,2,3,Firewood,2529.92,0.25,12.56,0.57,1,0,1,1,4.89,0.1,0,0
591,Odisha,East,Semi-Urban,22108.18,6,0,Biogas,625.48,0.37,12.43,0.22,1,1,0,0,2.7,0.25,1,0
592,Assam,East,Semi-Urban,22291.78,12,0,LPG,3429.41,0.26,5.68,0.73,1,0,0,0,2.74,0.02,0,1
593,Tamil Nadu,South,Semi-Urban,58013.75,8,1,LPG,683.96,0.14,6.21,0.42,1,1,0,0,5.37,0.34,0,0
594,Bihar,North,Semi-Urban,11449.75,2,0,Cow Dung Cake,2115.85,0.85,1.55,0.69,1,0,1,1,6.4,0.5,0,0
595,Tamil Nadu,South,Rural,49102.7,8,0,LPG,2638.45,0.15,12.55,0.27,1,0,0,0,6.69,0.8,0,0
596,Maharashtra,West,Semi-Urban,32286.24,9,1,Kerosene,2625.62,0.46,4.31,0.38,1,0,0,0,3.69,0.02,2,1
597,West Bengal,East,Semi-Urban,9346.75,8,1,Kerosene,1803.26,0.28,11.19,0.7,1,1,1,1,6.23,0.69,1,1
598,Odisha,East,Rural,16900.07,6,0,LPG,1446.68,0.61,44.26,0.43,1,1,0,1,6.14,0.69,0,0
599,Bihar,North,Semi-Urban,7248.32,4,1,Kerosene,797.08,0.7,1.86,0.51,0,1,1,1,6.93,0.32,1,0
600,Jharkhand,East,Rural,4457.06,11,0,Firewood,3172.11,0.93,51.22,0.27,1,1,1,1,2.15,0.06,1,0
601,Telangana,South,Rural,41486.69,4,4,LPG,685.71,0.46,32.11,0.95,0,1,0,0,4.3,0.02,0,0
602,Gujarat,West,Urban,17527.61,4,0,LPG,1433.39,0.85,4.85,0.44,1,1,0,0,4.54,0.23,0,1
603,Madhya Pradesh,Central,Rural,9611.83,2,0,Cow Dung Cake,3203.92,0.55,53.14,0.94,1,1,1,0,5.06,0.42,0,1
604,Karnataka,South,Rural,31947.15,6,1,LPG,2806.58,0.22,28.77,0.78,1,0,0,0,4.55,0.58,1,1
605,Telangana,South,Rural,21340.98,6,1,LPG,211.49,0.38,35.26,0.01,0,1,0,0,2.96,0.69,2,0
606,Odisha,East,Semi-Urban,16892.16,10,0,Kerosene,1797.72,0.79,3.71,0.27,1,1,0,0,4.67,0.93,2,1
607,West Bengal,East,Semi-Urban,17158.59,3,2,Firewood,2680.69,0.34,7.41,0.82,1,0,0,0,4.43,0.51,0,1
608,Chhattisgarh,Central,Urban,13183.97,12,0,Firewood,470.07,0.69,3.41,0.03,1,0,0,1,4.72,0.04,1,0
609,Gujarat,West,Semi-Urban,37968.48,2,1,Kerosene,943.7,0.8,14.59,0.47,1,1,0,0,2.91,0.59,0,1
610,Bihar,North,Semi-Urban,5223.34,3,1,Biogas,2484.26,0.64,7.18,0.36,1,1,1,1,5.23,0.2,0,0
611,Rajasthan,North,Urban,32700.67,11,3,LPG,1521.31,0.91,1.23,1.0,1,0,0,1,2.85,0.73,1,1
612,Rajasthan,North,Semi-Urban,12639.09,11,0,Cow Dung Cake,2990.71,0.43,9.07,0.5,1,1,0,0,4.66,0.86,1,0
613,Odisha,East,Urban,21532.72,8,1,LPG,3276.48,0.83,3.62,0.01,1,0,0,1,2.46,0.29,1,1
614,Bihar,North,Semi-Urban,10683.42,7,0,Firewood,1397.02,0.75,8.54,0.42,1,0,1,1,1.8,0.67,1,1
615,Karnataka,South,Rural,17297.82,8,0,Biogas,2835.85,0.77,43.78,0.97,1,0,0,1,5.59,0.41,0,0
616,Chhattisgarh,Central,Rural,8025.46,10,0,LPG,2262.25,0.62,20.67,0.02,0,1,1,0,2.95,0.95,1,0
617,Telangana,South,Rural,28961.02,6,1,LPG,934.92,0.62,35.77,0.69,1,0,0,0,6.9,0.9,0,0
618,Telangana,South,Rural,13995.94,10,1,LPG,3294.26,0.15,1.16,0.66,1,0,0,0,2.98,0.51,1,1
619,Bihar,North,Semi-Urban,14758.84,4,0,Firewood,1320.74,0.77,11.47,0.67,1,1,0,0,4.16,0.55,0,1
620,Odisha,East,Rural,14326.44,3,1,Firewood,373.2,0.98,52.66,0.06,1,0,0,0,6.07,0.95,0,0
621,West Bengal,East,Rural,12112.92,8,1,LPG,2020.08,0.39,16.49,0.03,1,1,0,0,4.09,0.82,0,0
622,Telangana,South,Urban,31561.98,10,1,LPG,1401.7,0.4,1.29,0.61,1,1,0,0,5.04,0.76,2,1
623,Gujarat,West,Urban,69948.5,9,2,LPG,1546.4,0.6,2.43,0.97,1,1,0,1,4.75,0.01,1,1
624,Tamil Nadu,South,Rural,50962.56,8,0,LPG,1840.55,0.98,34.09,0.94,1,0,0,0,5.73,0.87,1,0
625,Odisha,East,Urban,11941.57,4,1,Cow Dung Cake,540.62,0.43,0.61,0.64,1,1,1,1,4.32,0.14,0,1
626,Karnataka,South,Rural,44658.78,3,2,LPG,556.91,0.65,38.8,0.45,1,1,0,1,6.45,0.82,1,1
627,Assam,East,Urban,25796.62,5,0,Cow Dung Cake,3427.96,0.63,3.01,0.66,1,0,0,0,5.44,0.42,0,0
628,Rajasthan,North,Rural,13103.51,8,0,LPG,2923.51,0.44,32.61,0.72,1,0,0,1,4.9,0.98,0,0
629,Gujarat,West,Rural,25852.71,5,3,LPG,1699.34,0.6,16.02,0.02,1,0,0,0,5.61,0.92,1,0
630,Jharkhand,East,Semi-Urban,4139.98,2,1,Firewood,3035.13,0.23,12.64,0.02,1,1,1,0,3.92,0.12,1,0
631,Telangana,South,Rural,14484.51,5,0,LPG,1114.73,0.92,47.79,0.37,0,1,0,1,6.2,0.85,0,0
632,Jharkhand,East,Urban,10324.09,7,0,Cow Dung Cake,1013.15,0.43,2.45,0.13,1,1,1,1,3.76,0.52,0,0
633,Maharashtra,West,Rural,23482.53,2,2,LPG,220.99,0.3,26.42,0.42,1,1,0,0,4.08,0.44,0,0
634,Bihar,North,Semi-Urban,9404.86,2,2,Cow Dung Cake,2994.59,0.89,2.97,0.14,1,0,1,1,2.75,0.93,0,0
635,Jharkhand,East,Urban,18009.43,8,0,LPG,1173.2,0.39,1.22,0.21,1,0,0,0,4.96,0.98,0,1
636,Odisha,East,Semi-Urban,21529.83,8,1,LPG,2513.02,0.36,4.6,0.24,1,1,0,0,4.1,0.67,3,1
637,Bihar,North,Rural,5355.78,5,1,Cow Dung Cake,1663.33,0.97,5.07,0.35,1,0,1,0,4.28,0.34,0,1
638,Rajasthan,North,Rural,17537.79,5,0,LPG,3270.26,0.39,50.97,0.79,1,1,0,0,6.42,0.18,1,0
639,West Bengal,East,Rural,13541.36,8,2,LPG,446.27,0.96,50.71,0.05,1,1,0,0,5.79,0.72,1,1
640,Gujarat,West,Urban,51537.52,5,2,LPG,2109.72,1.0,2.55,0.75,1,1,0,1,2.4,0.96,0,1
641,Chhattisgarh,Central,Rural,7701.36,7,0,Firewood,2900.05,0.8,30.16,0.15,1,1,1,1,3.04,0.37,2,0
642,Karnataka,South,Rural,42313.43,3,0,LPG,3207.55,0.27,21.72,0.94,1,1,0,0,5.85,0.42,2,0
643,Jharkhand,East,Rural,11600.59,2,1,Firewood,2205.04,0.42,18.68,0.04,0,1,1,1,5.79,0.29,0,0
644,Chhattisgarh,Central,Rural,8090.8,10,1,Firewood,1785.11,0.93,28.89,0.49,1,1,1,1,3.9,0.07,1,0
645,Odisha,East,Semi-Urban,19203.0,7,1,LPG,3358.17,0.88,0.53,0.38,1,0,0,0,4.83,0.37,1,0
646,Uttar Pradesh,North,Semi-Urban,6040.21,4,2,Firewood,964.06,0.82,1.22,0.86,1,1,1,0,6.04,0.14,1,1
647,Jharkhand,East,Urban,22078.25,6,2,LPG,3329.07,0.86,2.0,0.4,1,1,0,0,6.83,0.61,0,1
648,Rajasthan,North,Rural,17621.68,3,1,LPG,665.81,0.81,43.29,0.24,1,1,0,1,5.34,0.08,0,0
649,Himachal Pradesh,North,Semi-Urban,36195.95,8,4,LPG,2766.17,0.86,5.19,0.84,0,1,0,0,1.96,0.64,0,1
650,Tamil Nadu,South,Urban,78716.9,9,3,LPG,1303.83,0.72,3.92,0.85,1,0,0,1,3.67,0.68,0,1
651,Gujarat,West,Rural,8037.83,8,1,Kerosene,1120.62,0.34,8.39,0.58,0,1,1,0,1.59,0.52,0,1
652,Rajasthan,North,Rural,9935.39,2,2,LPG,2436.86,0.29,25.67,0.91,1,1,1,1,5.54,0.75,0,1
653,West Bengal,East,Semi-Urban,9655.17,2,0,Firewood,975.7,0.11,3.91,0.14,1,0,1,1,3.14,0.04,0,0
654,Uttar Pradesh,North,Rural,3593.36,10,1,Cow Dung Cake,1667.54,0.56,39.36,0.27,0,1,1,1,5.06,0.49,0,0
655,Maharashtra,West,Semi-Urban,51827.87,11,2,Biogas,450.21,0.21,12.49,0.86,1,1,0,1,1.74,0.57,2,1
656,Maharashtra,West,Urban,20005.95,7,0,Cow Dung Cake,2034.89,0.53,0.97,0.61,1,1,0,1,3.75,0.95,0,1
657,West Bengal,East,Rural,6957.69,8,0,Crop Residue,2104.34,0.77,28.29,0.1,1,0,1,1,2.15,0.96,0,0
658,Karnataka,South,Urban,65945.7,10,4,LPG,3260.55,0.63,3.34,0.85,1,0,0,1,6.46,0.98,1,1
659,Chhattisgarh,Central,Urban,11168.37,2,1,Firewood,2420.86,0.53,1.22,0.32,1,1,1,1,4.77,0.64,0,1
660,Gujarat,West,Urban,67813.93,5,2,LPG,855.62,0.95,2.01,0.33,1,1,0,1,1.63,0.31,0,1
661,West Bengal,East,Semi-Urban,18884.15,12,1,LPG,1480.64,0.29,13.71,0.93,1,0,0,0,4.65,0.02,2,1
662,West Bengal,East,Semi-Urban,20454.5,7,0,LPG,2217.93,0.46,4.91,0.68,1,1,0,1,5.44,0.76,0,1
663,Tamil Nadu,South,Semi-Urban,65179.31,9,3,LPG,2453.13,0.52,7.15,0.98,1,0,0,0,6.42,0.5,0,0
664,Himachal Pradesh,North,Urban,47976.67,11,3,LPG,2544.62,0.76,2.81,0.71,1,1,0,0,1.88,0.41,0,1
665,West Bengal,East,Urban,14020.63,2,1,Crop Residue,780.47,0.36,2.64,0.95,1,1,0,0,3.14,0.46,0,0
666,Uttar Pradesh,North,Urban,11554.2,7,1,LPG,389.36,0.13,3.85,0.13,1,0,1,0,1.86,0.37,0,0
667,Rajasthan,North,Semi-Urban,14993.05,2,1,Firewood,2661.67,0.22,13.52,0.24,1,1,0,0,3.51,0.95,0,0
668,Karnataka,South,Rural,32414.16,11,2,LPG,2600.04,0.57,53.96,0.55,0,1,0,0,5.89,0.86,1,0
669,Assam,East,Semi-Urban,14052.65,4,0,Crop Residue,299.0,0.78,1.65,0.66,0,1,0,0,4.34,0.26,0,0
670,Karnataka,South,Semi-Urban,45054.33,2,2,Firewood,773.21,0.94,14.66,0.74,1,0,0,0,2.15,0.95,0,1
671,Bihar,North,Semi-Urban,9427.81,7,0,Cow Dung Cake,2851.29,0.25,6.92,0.49,1,1,1,1,5.18,0.63,1,1
672,Gujarat,West,Rural,34496.72,7,0,LPG,2519.35,0.7,11.19,0.67,1,0,0,0,5.05,0.41,1,0
673,Tamil Nadu,South,Urban,85000.0,3,4,LPG,1226.16,0.42,1.65,0.25,1,1,0,0,5.47,0.72,0,1
674,Karnataka,South,Rural,11540.01,5,0,LPG,767.24,0.2,53.32,0.2,0,1,1,1,1.74,0.57,2,0
675,Odisha,East,Semi-Urban,13849.49,3,2,Cow Dung Cake,1992.63,0.19,2.42,0.68,1,1,0,1,4.21,0.86,0,1
676,Tamil Nadu,South,Semi-Urban,28479.29,12,1,LPG,2015.18,0.47,7.17,0.12,1,1,0,1,2.58,0.21,1,1
677,Chhattisgarh,Central,Urban,14499.56,3,2,Firewood,3199.24,0.37,2.52,0.54,1,1,0,0,1.94,0.39,2,1
678,Madhya Pradesh,Central,Semi-Urban,17840.66,4,0,LPG,1010.61,0.26,10.51,0.84,1,1,0,0,4.22,0.13,1,0
679,West Bengal,East,Rural,11201.37,10,2,Cow Dung Cake,1154.91,0.24,35.79,0.93,0,0,1,1,3.12,0.25,1,0
680,Rajasthan,North,Rural,5489.44,8,0,Cow Dung Cake,3402.77,0.71,1.05,0.48,1,0,1,1,5.93,0.23,0,0
681,Madhya Pradesh,Central,Urban,18402.55,9,0,Biogas,337.87,0.63,4.36,0.48,1,0,0,0,6.81,0.91,3,1
682,Bihar,North,Semi-Urban,4580.17,4,0,Cow Dung Cake,776.96,0.13,14.21,0.93,0,1,1,1,5.14,0.39,0,0
683,Jharkhand,East,Rural,6185.15,11,0,Firewood,1528.71,0.24,50.79,0.0,1,1,1,1,2.89,0.76,2,0
684,Jharkhand,East,Urban,12424.0,9,0,Kerosene,385.29,0.72,1.29,0.6,1,1,0,1,4.35,0.89,1,1
685,Tamil Nadu,South,Semi-Urban,19946.35,11,0,LPG,620.96,0.88,10.3,0.99,0,0,0,1,3.67,0.47,1,0
686,Jharkhand,East,Urban,18067.48,11,1,Cow Dung Cake,2515.81,0.13,4.29,0.47,1,1,0,0,2.55,0.02,1,1
687,Karnataka,South,Semi-Urban,59466.56,7,3,Cow Dung Cake,3394.24,0.9,4.26,0.12,1,1,0,0,4.2,0.77,3,0
688,Maharashtra,West,Semi-Urban,46448.39,2,0,LPG,996.08,0.44,2.07,0.25,1,1,0,0,5.08,0.22,2,1
689,Jharkhand,East,Rural,7583.6,12,0,LPG,3377.89,0.5,43.83,0.01,1,1,1,0,2.36,0.44,2,0
690,Maharashtra,West,Semi-Urban,44957.03,5,3,Kerosene,2725.98,0.72,11.25,0.73,1,0,0,0,6.77,0.59,0,1
691,Jharkhand,East,Semi-Urban,15475.2,5,0,Biogas,1217.56,0.47,9.69,0.02,1,1,0,0,6.23,0.95,0,1
692,Telangana,South,Semi-Urban,64121.0,10,4,LPG,2649.38,0.28,5.88,0.63,0,1,0,1,3.7,0.45,1,1
693,Odisha,East,Rural,16125.8,12,2,LPG,693.47,0.38,49.55,0.69,1,1,0,1,2.69,0.77,0,0
694,Jharkhand,East,Semi-Urban,5624.03,10,1,LPG,224.71,0.65,5.83,0.42,1,0,1,1,2.49,0.66,1,0
695,Uttar Pradesh,North,Rural,8215.04,4,0,Cow Dung Cake,356.63,0.29,26.98,0.09,1,1,1,1,5.31,0.94,1,0
696,Madhya Pradesh,Central,Rural,7920.74,10,2,Biogas,453.72,0.7,15.95,0.64,1,0,1,1,2.21,0.27,2,1
697,Madhya Pradesh,Central,Semi-Urban,19462.22,9,2,LPG,3170.54,0.92,11.76,0.23,0,0,0,0,5.41,0.66,0,1
698,Jharkhand,East,Urban,11290.02,2,2,Cow Dung Cake,1628.31,0.16,2.31,0.76,1,1,1,1,6.69,0.27,0,1
699,Himachal Pradesh,North,Rural,19040.08,2,1,LPG,1859.22,0.58,48.25,0.46,1,0,0,1,2.44,0.43,0,0
700,Tamil Nadu,South,Rural,23599.13,6,0,LPG,2005.14,0.75,49.39,0.9,1,1,0,0,3.57,0.9,0,1
701,Jharkhand,East,Rural,10389.65,4,0,Crop Residue,3147.95,0.71,11.64,0.93,1,0,1,1,2.13,0.14,2,1
702,Assam,East,Rural,4618.95,4,0,LPG,2273.0,0.3,3.41,0.62,0,1,1,1,4.11,0.22,0,0
703,Bihar,North,Rural,3100.79,10,0,Cow Dung Cake,1314.68,0.2,2.62,0.72,1,0,1,1,6.93,0.47,2,0
704,West Bengal,East,Rural,11124.27,9,1,Cow Dung Cake,1343.2,0.95,33.36,0.58,1,0,1,1,3.23,0.44,2,0
705,Rajasthan,North,Semi-Urban,6443.93,7,0,LPG,2594.74,0.25,8.7,0.31,0,1,1,1,2.43,0.38,1,1
706,Telangana,South,Urban,63400.96,12,3,LPG,164.65,0.35,3.19,0.8,1,0,0,1,5.63,0.59,1,1
707,West Bengal,East,Rural,4244.55,12,0,Crop Residue,1555.9,0.98,19.55,0.92,1,0,1,1,3.88,0.92,1,0
708,Uttar Pradesh,North,Rural,10946.78,5,0,Firewood,1424.97,0.12,40.0,0.35,1,1,1,1,3.46,0.61,1,0
709,Karnataka,South,Semi-Urban,48302.34,7,1,LPG,1051.85,0.5,13.31,0.97,1,1,0,0,6.16,0.63,1,1
710,West Bengal,East,Semi-Urban,14408.9,5,1,Firewood,2906.26,0.71,1.77,0.68,1,1,0,0,2.97,0.76,0,1
711,Uttar Pradesh,North,Urban,15541.59,3,0,LPG,2442.17,0.43,2.52,0.33,1,0,0,1,4.99,0.89,0,1
712,Himachal Pradesh,North,Urban,81857.47,6,4,LPG,1548.54,0.78,2.27,0.83,1,0,0,0,3.87,0.65,2,1
713,Madhya Pradesh,Central,Rural,10577.32,2,0,Cow Dung Cake,1276.84,0.7,2.25,0.13,1,0,1,1,1.82,0.22,0,0
714,Assam,East,Urban,23128.24,11,1,LPG,1203.5,0.85,3.22,0.39,1,1,0,0,3.72,0.34,0,1
715,Karnataka,South,Semi-Urban,68105.41,11,3,LPG,2786.31,0.59,8.43,0.05,1,0,0,1,3.2,0.88,1,1
716,Telangana,South,Semi-Urban,64304.91,7,2,LPG,290.85,0.64,12.89,0.38,1,1,0,0,2.28,0.71,0,1
717,Uttar Pradesh,North,Rural,9378.49,3,0,Firewood,995.68,0.62,53.03,0.2,0,0,1,1,3.43,0.22,1,0
718,Karnataka,South,Urban,64586.19,5,2,LPG,491.59,0.17,2.58,0.3,1,0,0,0,6.26,0.57,1,1
719,West Bengal,East,Semi-Urban,19982.76,8,0,LPG,1792.67,0.39,5.37,0.34,0,0,0,0,2.11,0.34,1,1
720,Uttar Pradesh,North,Rural,3902.05,6,0,Crop Residue,1377.2,0.13,49.79,0.13,1,1,1,1,4.26,0.02,2,0
721,West Bengal,East,Semi-Urban,16839.88,5,1,LPG,1919.98,0.97,5.15,0.48,1,1,0,0,2.33,0.7,0,1
722,Odisha,East,Semi-Urban,12207.75,9,0,Crop Residue,3135.73,0.67,14.1,0.13,0,1,0,1,6.07,0.8,1,0
723,Rajasthan,North,Rural,17003.26,7,0,LPG,368.4,0.14,6.8,0.07,1,1,0,0,3.8,0.93,0,0
724,Karnataka,South,Rural,15674.11,7,0,LPG,2239.15,0.53,22.34,0.99,1,1,0,1,2.98,0.1,0,1
725,West Bengal,East,Semi-Urban,17546.15,3,0,LPG,397.78,0.26,13.4,0.61,1,1,0,0,3.14,0.86,1,1
726,Jharkhand,East,Urban,22448.33,11,2,Biogas,408.06,0.13,4.48,0.75,1,0,0,0,2.45,0.12,0,1
727,Rajasthan,North,Semi-Urban,9172.5,3,0,Crop Residue,1095.47,0.83,2.22,0.76,0,1,1,1,2.45,0.29,0,1
728,Maharashtra,West,Urban,35323.41,8,0,Biogas,2015.8,0.7,2.0,0.38,1,0,0,0,2.58,0.02,3,1
729,Telangana,South,Semi-Urban,36148.85,10,2,Kerosene,1887.36,0.79,2.88,0.75,1,0,0,0,6.86,0.19,0,1
730,Tamil Nadu,South,Semi-Urban,19297.96,7,0,LPG,2491.27,0.91,12.18,0.27,1,1,0,1,4.02,0.77,0,1
731,Uttar Pradesh,North,Rural,11864.44,2,0,Firewood,1588.22,0.78,32.28,0.94,1,0,1,1,4.35,0.07,0,0
732,Tamil Nadu,South,Semi-Urban,26571.77,8,3,LPG,3141.65,0.96,7.96,0.8,1,0,0,0,6.28,0.2,0,1
733,Madhya Pradesh,Central,Semi-Urban,20814.83,8,1,LPG,2589.15,0.7,13.13,0.87,1,1,0,0,6.0,0.01,0,1
734,Chhattisgarh,Central,Semi-Urban,10772.28,2,0,Cow Dung Cake,594.15,0.46,3.07,0.36,1,1,1,1,2.13,0.73,0,1
735,Assam,East,Semi-Urban,17981.83,7,0,LPG,1877.08,0.61,3.71,0.76,1,1,0,0,3.9,0.79,0,1
736,Jharkhand,East,Urban,8351.24,9,0,Kerosene,2735.09,0.93,2.9,0.1,1,1,1,0,1.57,0.59,0,0
737,Odisha,East,Rural,11374.47,9,0,LPG,3247.78,0.94,20.39,0.53,1,1,1,1,3.74,0.56,1,0
738,Tamil Nadu,South,Semi-Urban,57036.13,2,2,LPG,3456.16,0.46,5.31,0.62,1,1,0,1,3.85,0.63,0,1
739,Uttar Pradesh,North,Rural,9299.91,5,0,Firewood,1147.89,0.6,22.19,0.67,0,0,1,1,3.13,0.07,1,0
740,Madhya Pradesh,Central,Semi-Urban,20085.35,12,0,LPG,2683.71,0.8,7.43,0.43,0,1,0,0,2.62,0.92,3,1
741,Karnataka,South,Rural,14280.61,6,1,Kerosene,479.77,0.98,16.63,0.87,0,0,0,0,2.81,0.69,1,0
742,Uttar Pradesh,North,Urban,18349.32,12,1,LPG,463.0,0.54,0.91,0.13,1,1,0,1,6.04,0.33,1,1
743,Assam,East,Rural,5905.91,7,0,Kerosene,2985.27,0.71,52.49,0.51,1,1,1,1,3.2,0.2,0,0
744,Jharkhand,East,Rural,10899.83,9,1,Firewood,1224.56,0.45,34.43,0.16,1,1,1,1,4.07,0.28,0,0
745,Assam,East,Rural,5446.11,12,0,Crop Residue,1073.55,0.26,42.72,0.95,0,0,1,1,1.71,0.98,0,0
746,Maharashtra,West,Urban,85000.0,3,3,LPG,418.11,0.32,3.98,0.53,1,1,0,1,3.97,0.98,0,1
747,Tamil Nadu,South,Urban,85000.0,11,3,LPG,393.49,0.85,1.29,0.07,1,1,0,1,6.86,0.44,2,1
748,Rajasthan,North,Semi-Urban,5677.87,12,0,Biogas,251.04,0.96,3.64,0.05,1,1,1,1,2.65,0.2,2,0
749,Jharkhand,East,Rural,10130.61,4,2,LPG,2423.92,0.31,6.4,0.64,1,1,1,1,4.3,0.4,1,1
750,Telangana,South,Rural,14698.51,7,0,Kerosene,570.03,0.27,2.23,0.67,1,1,0,0,6.85,0.07,1,1
751,Odisha,East,Rural,17409.47,4,1,LPG,1628.17,0.7,2.26,0.59,1,0,0,0,5.94,0.05,0,0
752,Uttar Pradesh,North,Semi-Urban,11062.15,10,2,Firewood,2630.74,0.88,5.51,0.34,1,0,1,0,1.66,0.11,2,0
753,Bihar,North,Rural,10628.08,5,0,Biogas,3346.42,0.8,51.32,0.71,1,0,1,1,3.84,0.84,1,1
754,Madhya Pradesh,Central,Rural,10353.95,2,0,Biogas,2395.38,0.52,33.93,0.27,1,0,1,1,5.7,0.61,0,0
755,Uttar Pradesh,North,Semi-Urban,5080.32,11,0,Firewood,1737.17,0.68,0.91,0.01,0,0,1,1,2.26,0.67,1,0
756,Tamil Nadu,South,Rural,23905.29,3,0,LPG,1412.35,0.67,30.32,0.23,1,1,0,1,5.64,0.55,0,0
757,Odisha,East,Rural,5052.22,9,0,Crop Residue,1774.01,0.2,15.65,0.89,1,1,1,1,5.37,0.61,1,0
758,Madhya Pradesh,Central,Rural,16685.56,10,0,LPG,2849.04,0.25,16.46,0.68,1,1,0,0,5.69,0.07,2,1
759,West Bengal,East,Urban,34146.9,4,2,LPG,3471.85,0.98,3.36,0.44,1,1,0,0,3.31,0.08,0,1
760,Gujarat,West,Rural,11710.6,9,0,Kerosene,425.88,0.6,15.28,0.61,1,0,1,1,6.83,0.77,2,1
761,Odisha,East,Semi-Urban,19073.59,5,2,LPG,1942.5,0.82,9.14,0.31,1,1,0,1,6.9,0.41,1,1
762,Karnataka,South,Rural,43060.84,2,1,LPG,549.49,0.93,4.73,0.93,1,0,0,0,5.57,0.6,0,1
763,Tamil Nadu,South,Urban,77471.61,3,1,LPG,2709.44,0.36,0.87,0.01,1,1,0,1,4.08,0.26,0,1
764,Karnataka,South,Semi-Urban,41368.08,4,1,LPG,2124.84,0.41,9.57,0.91,1,1,0,1,2.45,0.72,0,1
765,Maharashtra,West,Urban,81105.06,6,3,LPG,1692.43,0.92,4.52,0.97,1,0,0,0,1.88,0.27,0,1
766,Rajasthan,North,Rural,16768.9,6,1,LPG,1519.53,0.72,11.4,0.97,1,1,0,1,6.26,0.07,0,0
767,Uttar Pradesh,North,Rural,10109.53,10,0,Cow Dung Cake,3349.34,0.55,21.95,0.48,1,1,1,1,3.87,0.25,1,0
768,Madhya Pradesh,Central,Rural,12521.64,3,0,Firewood,2966.98,0.15,22.12,0.37,1,1,0,1,1.85,0.71,1,0
769,Uttar Pradesh,North,Semi-Urban,4072.27,3,0,Cow Dung Cake,1677.95,0.29,11.46,0.45,1,0,1,1,5.15,0.87,3,0
770,West Bengal,East,Rural,12196.78,9,0,Firewood,2641.52,0.58,22.91,0.27,1,0,0,0,2.69,0.97,0,0
771,Jharkhand,East,Rural,8087.72,5,0,Firewood,154.4,0.87,39.47,0.69,1,1,1,1,5.16,0.27,0,0
772,Odisha,East,Urban,20845.51,2,2,LPG,782.34,0.16,2.41,0.02,1,0,0,0,6.89,0.3,0,1
773,Jharkhand,East,Urban,17059.38,8,1,LPG,2081.86,0.84,0.69,0.42,1,1,0,0,4.62,0.79,0,0
774,Tamil Nadu,South,Rural,19411.22,3,2,LPG,2142.5,0.41,18.31,0.76,1,0,0,0,6.23,0.68,1,1
775,Odisha,East,Rural,6976.72,7,0,Kerosene,3007.92,0.3,4.03,0.74,1,0,1,0,5.86,0.8,0,0
776,Madhya Pradesh,Central,Semi-Urban,6910.14,9,0,Crop Residue,2964.26,0.83,0.74,0.19,1,0,1,1,5.16,0.96,3,0
777,Assam,East,Rural,9645.23,4,2,Cow Dung Cake,1718.08,0.99,23.68,0.6,0,1,1,1,1.59,0.59,0,0
778,Himachal Pradesh,North,Urban,39995.06,8,2,LPG,2043.46,0.46,2.28,0.19,1,1,0,0,6.39,0.67,1,1
779,Odisha,East,Urban,14096.41,11,0,Crop Residue,2303.82,0.88,2.69,0.13,1,1,0,0,4.42,0.68,0,0
780,Gujarat,West,Semi-Urban,24533.56,4,0,LPG,3172.35,0.45,11.8,0.72,0,1,0,0,6.82,0.81,1,1
781,Maharashtra,West,Rural,29995.53,10,0,LPG,470.82,0.24,5.16,0.38,1,1,0,0,4.99,0.68,1,1
782,Rajasthan,North,Urban,28071.44,9,0,Cow Dung Cake,2245.61,0.55,1.74,0.47,1,1,0,0,4.07,0.58,1,1
783,Madhya Pradesh,Central,Rural,15489.46,9,3,LPG,2754.07,0.24,9.99,0.1,1,1,0,1,4.37,0.83,2,1
784,Jharkhand,East,Rural,8673.8,7,0,Firewood,1351.85,0.92,31.84,0.74,1,0,1,1,5.45,0.22,0,0
785,Himachal Pradesh,North,Urban,37039.66,6,1,LPG,2709.39,0.99,2.05,0.41,1,0,0,0,6.54,0.39,2,1
786,Gujarat,West,Rural,10261.55,5,0,LPG,176.28,0.59,43.76,0.27,1,1,1,1,3.41,0.84,0,0
787,Uttar Pradesh,North,Rural,7354.75,6,1,Firewood,3042.07,0.69,39.81,0.15,1,0,1,0,3.92,0.89,2,0
788,Odisha,East,Semi-Urban,21969.44,12,1,LPG,2131.62,0.76,7.97,0.81,1,1,0,0,6.1,0.94,0,1
789,Rajasthan,North,Semi-Urban,7178.5,11,1,Firewood,3088.04,0.26,12.06,0.46,1,0,1,1,4.53,0.12,2,0
790,Uttar Pradesh,North,Semi-Urban,4559.62,11,0,Firewood,219.48,0.13,7.86,0.73,0,0,1,0,3.65,0.56,2,0
791,West Bengal,East,Rural,7620.96,4,0,LPG,2656.1,0.7,32.26,0.49,0,1,1,0,5.63,0.18,0,0
792,Uttar Pradesh,North,Rural,10306.72,2,1,Firewood,3079.83,0.29,18.23,0.15,1,1,1,1,4.5,0.63,0,0
793,Uttar Pradesh,North,Rural,4454.29,12,1,Firewood,1410.09,0.52,23.36,0.18,1,1,1,1,6.44,0.14,3,0
794,Madhya Pradesh,Central,Rural,9453.74,2,0,Firewood,734.09,0.81,52.57,0.41,1,1,1,1,3.89,0.56,0,1
795,Maharashtra,West,Rural,35536.2,11,2,LPG,1234.27,0.53,33.02,0.29,1,0,0,0,1.51,0.1,2,0
796,Jharkhand,East,Urban,12770.7,7,0,Crop Residue,634.59,0.65,4.7,0.2,1,0,0,0,2.11,0.35,1,0
797,Assam,East,Rural,12754.99,5,1,Cow Dung Cake,794.35,0.34,47.04,0.57,1,0,0,0,3.03,0.94,0,0
798,Jharkhand,East,Rural,7838.45,2,1,Firewood,1310.61,0.41,31.33,0.29,0,1,1,1,6.62,0.97,1,0
799,Karnataka,South,Rural,32985.41,5,3,LPG,2925.83,0.48,3.87,0.56,0,1,0,0,4.54,0.91,0,1
800,Uttar Pradesh,North,Semi-Urban,6301.51,5,1,Kerosene,3375.18,0.16,4.39,0.08,1,0,1,1,3.76,0.72,0,1
801,Telangana,South,Rural,28573.02,2,3,LPG,2784.14,0.9,30.62,0.97,1,0,0,1,4.25,0.39,2,1
802,Rajasthan,North,Semi-Urban,22343.68,7,1,LPG,2204.36,0.46,0.67,0.13,1,1,0,1,5.85,0.55,1,1
803,Tamil Nadu,South,Semi-Urban,54619.79,12,1,LPG,3169.91,0.73,12.06,0.68,1,0,0,1,5.33,0.58,1,1
804,Maharashtra,West,Rural,24442.15,7,0,LPG,553.89,0.21,40.06,0.57,1,1,0,1,1.77,0.18,0,0
805,Madhya Pradesh,Central,Rural,7320.07,4,2,Firewood,2269.41,0.15,16.48,0.92,0,0,1,1,1.92,0.36,1,0
806,Bihar,North,Rural,7177.22,4,0,Firewood,519.43,0.45,51.74,0.69,1,0,1,1,1.59,0.95,1,1
807,Karnataka,South,Rural,19885.29,7,0,LPG,2284.97,0.77,10.37,0.96,1,1,0,0,3.78,0.98,0,1
808,Chhattisgarh,Central,Urban,19437.46,8,1,Firewood,284.07,0.28,1.34,0.25,1,0,0,0,2.04,0.04,3,0
809,Uttar Pradesh,North,Semi-Urban,8178.88,3,1,Cow Dung Cake,2297.75,0.96,12.67,0.43,1,0,1,1,4.35,0.93,0,0
810,Himachal Pradesh,North,Semi-Urban,26238.07,7,1,LPG,258.81,0.84,4.5,0.8,1,0,0,1,3.49,0.6,0,1
811,Himachal Pradesh,North,Rural,22118.31,9,0,LPG,756.56,0.59,52.3,0.63,1,1,0,1,6.69,0.27,3,1
812,Rajasthan,North,Urban,32714.17,12,0,LPG,2148.09,0.35,1.64,0.98,1,1,0,0,5.65,0.21,1,1
813,Maharashtra,West,Rural,21029.12,3,0,LPG,2537.14,0.67,21.6,0.91,1,0,0,0,4.39,0.09,0,1
814,Maharashtra,West,Rural,34962.3,5,2,Biogas,840.16,0.69,2.87,0.07,1,0,0,0,2.44,0.56,0,1
815,West Bengal,East,Urban,31737.23,11,0,LPG,2529.41,0.71,2.09,0.81,1,1,0,0,3.37,0.95,1,1
816,Tamil Nadu,South,Rural,42430.07,11,3,LPG,1030.43,0.14,0.6,0.35,1,0,0,0,2.18,0.91,2,1
817,Madhya Pradesh,Central,Semi-Urban,10643.91,9,0,Firewood,321.76,0.46,3.23,0.56,1,1,1,1,6.13,0.22,1,1
818,Maharashtra,West,Rural,31190.75,8,1,Cow Dung Cake,303.87,0.2,10.7,0.5,1,0,0,1,6.75,0.96,0,0
819,Tamil Nadu,South,Rural,25807.36,7,0,Biogas,662.89,0.77,19.92,0.58,0,0,0,0,2.77,0.54,0,0
820,Odisha,East,Urban,12152.45,5,0,Firewood,3253.78,0.13,2.58,0.31,1,1,0,0,3.85,0.98,1,0
821,Karnataka,South,Urban,18540.92,9,0,LPG,516.59,0.34,0.71,0.43,1,0,0,0,6.63,0.24,0,1
822,Assam,East,Rural,14278.09,2,0,Firewood,2501.82,0.75,37.25,0.34,0,1,0,0,5.51,0.44,0,0
823,Tamil Nadu,South,Rural,18727.63,8,0,LPG,2651.68,0.39,36.92,0.72,1,1,0,0,5.56,0.96,1,1
824,Chhattisgarh,Central,Rural,8776.86,10,0,Kerosene,3273.22,0.64,8.32,0.9,0,0,1,1,5.85,0.8,0,1
825,Maharashtra,West,Urban,45934.21,4,1,LPG,2909.77,0.67,0.78,0.65,1,0,0,1,3.22,0.57,2,1
826,Gujarat,West,Rural,27847.89,7,2,LPG,3271.87,0.56,17.16,0.46,0,1,0,0,2.07,0.2,3,0
827,West Bengal,East,Rural,14249.38,10,1,LPG,1314.21,0.4,31.64,0.25,1,1,0,0,5.24,0.65,0,0
828,Karnataka,South,Urban,56333.65,11,2,LPG,1437.41,0.15,4.14,0.98,1,1,0,0,2.59,0.36,2,0
829,Chhattisgarh,Central,Urban,10695.03,12,0,Firewood,2799.95,0.63,1.53,0.48,1,1,1,1,5.09,0.74,0,1
830,Karnataka,South,Urban,61836.46,11,1,LPG,3162.79,0.97,3.36,0.76,1,0,0,1,3.87,0.45,3,1
831,Tamil Nadu,South,Urban,85000.0,11,2,Cow Dung Cake,1256.7,0.31,4.5,0.05,1,1,0,0,1.75,0.01,2,0
832,Himachal Pradesh,North,Rural,30559.79,5,0,LPG,2324.3,0.89,10.54,0.84,0,0,0,0,2.27,0.92,0,0
833,Bihar,North,Semi-Urban,9879.32,6,0,LPG,887.43,0.85,10.5,0.87,1,0,1,1,2.94,0.33,1,0
834,Odisha,East,Rural,16639.58,9,0,Biogas,1272.41,0.8,47.12,0.44,1,1,0,1,5.65,0.23,1,0
835,Maharashtra,West,Semi-Urban,49737.3,11,3,Firewood,999.88,0.54,9.47,0.07,1,1,0,0,3.11,0.59,2,1
836,Rajasthan,North,Rural,9055.32,6,1,Cow Dung Cake,2975.53,0.31,24.61,0.16,1,0,1,1,1.65,0.09,2,0
837,Madhya Pradesh,Central,Semi-Urban,8696.36,9,0,Firewood,871.16,0.35,3.99,0.5,1,1,1,1,6.29,0.03,2,1
838,Uttar Pradesh,North,Urban,7700.23,6,0,Firewood,1843.98,0.13,3.41,0.55,1,1,1,1,2.59,0.85,1,1
839,Tamil Nadu,South,Semi-Urban,55386.45,10,0,LPG,1012.1,0.34,6.46,0.24,0,1,0,0,6.24,0.83,3,1
840,Rajasthan,North,Rural,8448.23,10,0,Firewood,1693.22,0.33,20.93,0.8,1,0,1,1,1.79,0.89,0,0
841,Chhattisgarh,Central,Urban,18911.23,8,0,LPG,2590.01,0.91,0.74,0.14,1,1,0,0,3.68,0.58,0,0
842,Chhattisgarh,Central,Semi-Urban,10406.55,12,0,LPG,1476.3,0.75,9.38,0.29,1,1,1,0,6.97,0.4,0,0
843,Madhya Pradesh,Central,Rural,5865.17,3,0,LPG,684.8,0.13,50.03,0.82,1,0,1,0,5.26,0.61,0,0
844,Assam,East,Rural,17149.14,7,0,LPG,816.48,0.77,48.74,0.58,1,0,0,1,3.14,0.75,1,0
845,Bihar,North,Rural,7403.45,2,0,Firewood,262.42,0.53,16.75,0.85,1,1,1,1,1.72,0.89,0,0
846,Himachal Pradesh,North,Rural,28712.11,7,1,LPG,2990.55,0.78,25.01,0.61,1,1,0,0,5.05,0.56,0,1
847,Bihar,North,Rural,6197.85,4,2,Cow Dung Cake,959.6,0.1,31.02,0.59,1,0,1,0,1.89,0.77,0,0
848,Uttar Pradesh,North,Rural,3140.47,11,1,Cow Dung Cake,1104.44,0.91,47.46,0.16,0,0,1,1,4.57,0.37,1,0
849,Assam,East,Rural,16394.19,3,0,LPG,750.83,0.62,54.12,0.29,1,1,0,0,5.7,0.17,1,1
850,Karnataka,South,Rural,31813.05,2,0,LPG,394.5,0.88,23.95,0.58,1,0,0,1,6.89,0.49,0,1
851,Chhattisgarh,Central,Rural,4362.07,5,0,Firewood,1212.0,0.29,49.87,0.9,0,0,1,1,3.69,0.17,0,0
852,Jharkhand,East,Urban,23828.38,10,0,Biogas,2793.4,0.75,1.34,0.91,1,0,0,1,3.0,0.08,0,1
853,Jharkhand,East,Semi-Urban,14879.03,8,2,Firewood,413.92,0.35,4.11,0.23,0,1,0,0,6.01,0.18,2,0
854,West Bengal,East,Urban,29686.11,6,1,Cow Dung Cake,2134.69,0.78,1.36,0.57,1,1,0,1,6.34,0.94,2,1
855,Uttar Pradesh,North,Rural,9274.98,2,0,Firewood,2525.56,0.18,40.92,0.69,1,0,1,1,6.32,0.85,0,0
856,Bihar,North,Rural,9710.26,3,2,Firewood,1476.4,0.34,16.4,0.12,1,0,1,0,4.74,0.25,0,0
857,Telangana,South,Rural,17408.27,3,0,LPG,3412.06,0.46,33.14,0.24,1,0,0,0,4.08,0.4,0,0
858,Uttar Pradesh,North,Semi-Urban,10443.74,2,0,Firewood,2677.11,0.3,0.91,0.98,1,0,1,1,6.07,0.13,0,1
859,Rajasthan,North,Rural,5956.8,8,0,Cow Dung Cake,686.98,0.29,15.92,0.51,1,1,1,1,6.53,0.83,0,0
860,Tamil Nadu,South,Semi-Urban,51749.44,6,2,LPG,1884.77,0.69,8.15,0.23,1,1,0,0,3.05,0.41,0,1
861,Rajasthan,North,Rural,13164.19,8,1,Firewood,1677.82,0.13,1.47,0.44,1,1,0,1,6.42,0.76,2,0
862,Rajasthan,North,Semi-Urban,7433.87,3,0,LPG,2222.3,0.85,7.98,0.38,1,0,1,1,2.77,0.85,0,1
863,Odisha,East,Rural,4686.82,2,2,Kerosene,2617.26,0.93,24.85,0.17,0,0,1,1,2.52,0.04,0,0
864,Jharkhand,East,Rural,9701.68,11,0,Crop Residue,1187.76,0.89,18.86,0.62,1,1,1,1,2.84,0.95,2,0
865,Uttar Pradesh,North,Rural,5148.56,8,1,LPG,3492.28,0.78,53.41,0.79,1,1,1,1,5.06,0.35,0,0
866,West Bengal,East,Rural,14968.56,11,0,Cow Dung Cake,2713.93,0.91,43.54,0.2,1,0,0,0,2.6,0.11,1,1
867,Maharashtra,West,Rural,38971.75,3,3,LPG,594.11,0.69,31.84,0.03,1,0,0,0,3.45,0.03,1,0
868,Bihar,North,Rural,6589.53,7,0,Cow Dung Cake,825.6,0.17,1.64,0.95,1,1,1,1,6.62,0.74,1,1
869,Assam,East,Semi-Urban,10031.61,10,2,LPG,1632.61,0.72,8.84,0.18,1,1,1,1,2.4,0.46,3,1
870,Telangana,South,Rural,28273.71,10,0,LPG,3042.21,0.24,1.32,0.45,1,1,0,1,5.91,0.1,0,0
871,Madhya Pradesh,Central,Rural,6683.79,8,1,Firewood,1256.66,0.59,11.38,0.02,1,1,1,0,6.13,0.15,2,0
872,Telangana,South,Semi-Urban,40026.73,9,1,LPG,1643.27,0.32,8.15,0.28,1,1,0,0,5.93,0.33,1,1
873,Gujarat,West,Rural,20061.22,5,3,Kerosene,3400.05,0.76,14.14,0.72,1,0,0,0,1.73,0.81,0,0
874,Uttar Pradesh,North,Rural,11720.12,4,2,Biogas,1607.07,0.47,20.66,0.83,0,0,1,1,1.59,0.29,0,1
875,Karnataka,South,Urban,28166.12,12,0,LPG,1096.37,0.39,2.08,0.06,1,0,0,0,3.54,0.65,2,1
876,Himachal Pradesh,North,Rural,44237.64,8,1,LPG,1087.96,0.13,23.11,0.43,1,1,0,0,3.23,0.06,1,0
877,Odisha,East,Rural,16414.82,5,1,LPG,1862.94,0.67,36.47,0.29,0,0,0,0,6.3,0.41,2,1
878,Gujarat,West,Semi-Urban,25798.01,10,1,LPG,201.64,0.2,1.84,0.71,0,1,0,0,3.21,0.87,2,1
879,Maharashtra,West,Rural,36644.35,5,1,LPG,283.46,1.0,33.32,0.98,1,1,0,1,5.86,0.23,0,0
880,Madhya Pradesh,Central,Rural,12782.54,12,0,Cow Dung Cake,2523.11,0.18,35.64,0.62,1,1,0,0,2.31,0.57,0,0
881,Odisha,East,Urban,30771.34,3,2,LPG,229.75,0.15,4.81,0.28,1,0,0,0,1.94,0.16,0,1
882,Gujarat,West,Urban,56766.26,12,3,LPG,1957.11,0.57,0.54,0.0,1,0,0,1,2.63,0.89,0,1
883,Himachal Pradesh,North,Semi-Urban,38429.02,5,1,LPG,2850.8,0.9,12.84,0.43,1,0,0,0,5.64,0.43,0,0
884,Gujarat,West,Rural,40950.39,11,3,LPG,3218.57,0.37,52.26,0.15,0,1,0,1,4.1,0.83,1,1
885,Rajasthan,North,Rural,17284.34,12,0,Firewood,1442.7,0.79,45.26,0.7,1,1,0,0,5.58,0.25,0,0
886,Uttar Pradesh,North,Urban,17457.8,2,1,LPG,1951.94,0.42,4.9,0.7,1,0,0,0,3.56,0.18,0,1
887,Rajasthan,North,Rural,11470.9,4,2,Firewood,2326.8,0.18,10.38,0.48,1,0,1,0,2.81,0.23,0,1
888,Jharkhand,East,Semi-Urban,10045.05,9,0,Firewood,1415.92,0.83,14.4,0.37,1,1,1,1,3.28,0.59,1,0
889,Karnataka,South,Rural,15085.05,8,1,LPG,2781.16,0.51,2.55,0.49,1,0,0,1,5.94,0.71,1,1
890,Madhya Pradesh,Central,Rural,6104.84,3,1,Cow Dung Cake,2733.7,0.81,5.52,0.06,1,0,1,1,1.62,0.04,0,0
891,Gujarat,West,Semi-Urban,42126.61,5,3,LPG,1506.41,0.96,14.1,0.01,0,1,0,0,2.03,0.78,0,1
892,Tamil Nadu,South,Rural,10638.97,2,1,Kerosene,1290.11,0.64,50.91,0.92,1,1,1,1,5.95,0.57,2,1
893,Telangana,South,Semi-Urban,41843.68,4,2,Biogas,962.51,0.68,4.9,0.9,1,0,0,0,3.88,0.12,0,0
894,West Bengal,East,Urban,20258.39,10,0,LPG,2254.74,0.76,3.29,0.97,1,1,0,0,5.2,0.1,2,1
895,Jharkhand,East,Rural,3079.8,4,0,Cow Dung Cake,1283.93,0.51,19.44,0.63,0,0,1,1,3.65,0.8,0,1
896,Rajasthan,North,Rural,6037.95,11,0,LPG,1813.69,0.59,52.63,0.89,0,1,1,1,3.55,0.37,0,0
897,Bihar,North,Semi-Urban,11328.96,3,0,Firewood,3451.22,0.41,5.02,0.91,1,0,1,1,6.96,0.09,1,1
898,Odisha,East,Semi-Urban,17785.92,3,0,LPG,3102.31,0.6,6.0,0.05,1,1,0,1,5.45,0.11,0,1
899,Jharkhand,East,Rural,10830.43,7,0,Kerosene,1641.74,0.41,25.09,0.75,1,0,1,0,4.08,0.89,2,0
900,West Bengal,East,Rural,17861.22,10,0,Cow Dung Cake,1417.49,0.87,12.53,0.15,1,1,0,0,5.5,0.31,1,0
901,Telangana,South,Rural,31817.38,7,4,LPG,2500.24,0.75,24.5,0.14,1,1,0,0,4.73,0.23,1,1
902,Jharkhand,East,Rural,11276.03,8,0,Cow Dung Cake,1334.69,0.57,33.18,0.57,1,0,1,1,6.18,0.26,0,0
903,Bihar,North,Rural,7964.29,8,0,Crop Residue,357.6,0.52,45.61,0.45,0,1,1,1,5.74,0.41,1,0
904,Chhattisgarh,Central,Semi-Urban,14240.31,7,0,Firewood,713.13,0.25,2.39,0.18,1,0,0,0,6.95,0.88,0,0
905,Rajasthan,North,Urban,13061.56,7,0,Biogas,2894.11,0.6,2.68,0.84,1,1,0,0,6.95,0.16,0,1
906,Madhya Pradesh,Central,Urban,8480.15,2,1,Crop Residue,2264.07,0.56,3.69,0.39,1,1,1,1,6.37,0.25,0,0
907,Telangana,South,Rural,50318.17,4,0,LPG,1705.64,0.56,18.64,0.28,1,0,0,1,5.79,0.19,0,0
908,Assam,East,Rural,11181.45,8,0,Firewood,2668.64,0.12,15.11,0.38,1,1,1,1,4.21,0.64,1,0
909,Chhattisgarh,Central,Semi-Urban,6455.73,10,2,Cow Dung Cake,2950.98,0.71,10.43,0.22,1,1,1,1,3.32,0.54,0,0
910,Odisha,East,Rural,6383.49,2,2,Firewood,1820.13,0.89,6.42,0.79,0,0,1,1,3.73,0.87,1,0
911,Karnataka,South,Rural,40406.62,12,2,LPG,1307.25,0.79,52.51,0.37,1,0,0,1,5.12,0.19,1,1
912,Maharashtra,West,Rural,18509.31,8,1,Biogas,190.23,0.59,31.76,0.91,1,1,0,0,2.98,0.06,0,1
913,Chhattisgarh,Central,Semi-Urban,13050.58,9,1,Firewood,3274.31,0.91,3.25,0.34,1,0,0,0,2.88,0.92,0,1
914,Assam,East,Semi-Urban,7981.88,8,0,Cow Dung Cake,211.86,0.16,13.38,0.87,1,1,1,1,3.85,0.11,0,0
915,Maharashtra,West,Urban,82748.19,4,3,LPG,1949.65,0.5,3.97,0.52,1,1,0,0,4.64,0.88,0,1
916,Odisha,East,Semi-Urban,12451.34,4,0,LPG,817.73,0.16,12.96,0.87,1,1,0,1,5.56,0.27,0,1
917,Himachal Pradesh,North,Semi-Urban,55444.84,3,2,LPG,596.06,0.45,14.17,0.89,1,1,0,0,4.0,0.71,0,1
918,Madhya Pradesh,Central,Semi-Urban,9034.52,5,1,Firewood,783.85,0.66,11.8,0.57,1,0,1,0,3.39,0.68,0,0
919,Odisha,East,Rural,11017.37,3,0,Kerosene,883.87,0.55,45.44,0.82,1,1,1,1,4.17,0.89,0,0
920,Gujarat,West,Urban,49448.61,3,0,LPG,2527.83,0.56,4.69,0.74,1,1,0,0,5.06,0.25,1,1
921,Jharkhand,East,Semi-Urban,13103.37,6,1,Firewood,2543.71,0.73,5.65,0.89,1,1,0,0,3.8,0.86,0,1
922,Uttar Pradesh,North,Rural,8179.28,6,1,Firewood,2413.9,0.47,7.26,0.42,0,1,1,1,5.76,0.61,1,1
923,Madhya Pradesh,Central,Rural,4200.07,9,0,Firewood,396.87,0.95,27.42,0.09,1,0,1,0,4.61,0.07,2,0
924,Telangana,South,Semi-Urban,16213.58,11,2,LPG,1471.71,0.16,5.55,0.19,1,0,0,0,4.5,0.28,0,1
925,Jharkhand,East,Rural,5318.11,8,1,Firewood,546.39,0.8,20.33,0.74,1,1,1,1,6.57,0.54,2,0
926,Chhattisgarh,Central,Semi-Urban,4114.31,11,0,Firewood,575.63,0.55,8.64,0.34,0,1,1,1,6.11,0.37,1,0
927,Telangana,South,Rural,19230.01,2,3,LPG,1551.94,0.13,24.14,0.67,1,1,0,0,2.23,0.81,0,1
928,Telangana,South,Rural,32147.41,9,2,LPG,680.6,0.55,47.51,0.67,1,0,0,1,5.66,0.73,1,1
929,Chhattisgarh,Central,Rural,8029.36,6,0,Firewood,1675.14,0.58,28.34,0.55,1,0,1,1,4.58,0.58,0,0
930,Rajasthan,North,Semi-Urban,9521.93,2,1,Firewood,321.65,0.71,4.14,0.5,1,1,1,0,2.71,0.26,1,0
931,Rajasthan,North,Semi-Urban,22634.01,2,1,LPG,2993.32,0.56,10.75,0.19,1,0,0,1,1.96,0.77,0,1
932,Odisha,East,Semi-Urban,10914.94,11,0,Firewood,2312.23,0.95,1.1,0.92,1,1,1,1,6.28,0.41,3,1
933,Bihar,North,Rural,9241.63,11,2,Cow Dung Cake,630.09,0.5,19.85,0.5,1,1,1,1,4.09,0.74,2,1
934,Tamil Nadu,South,Rural,48819.33,3,1,LPG,458.47,0.32,5.95,0.69,0,1,0,0,6.7,0.93,0,1
935,West Bengal,East,Rural,13552.28,8,0,Firewood,3170.25,0.25,48.62,0.57,1,1,0,1,2.66,0.55,0,1
936,Madhya Pradesh,Central,Rural,12335.23,9,0,Firewood,2345.34,0.54,7.96,0.94,1,1,0,1,2.04,0.99,2,1
937,Assam,East,Rural,11847.12,11,2,Firewood,2714.2,0.77,49.73,0.01,1,1,1,1,1.81,0.6,0,0
938,Assam,East,Rural,5562.91,11,0,Firewood,2295.16,0.52,47.26,0.34,1,1,1,1,1.66,0.77,2,0
939,Assam,East,Semi-Urban,12546.17,12,1,Crop Residue,3438.39,0.74,6.56,0.7,1,1,0,1,6.66,0.11,1,1
940,Odisha,East,Semi-Urban,16980.03,11,0,LPG,1513.41,0.49,14.53,0.68,1,1,0,0,2.19,0.48,3,1
941,Rajasthan,North,Rural,6743.7,3,0,Biogas,1766.28,0.82,44.37,0.93,0,0,1,1,4.59,0.56,0,0
942,Gujarat,West,Rural,36664.77,11,2,LPG,1998.47,0.98,4.5,0.28,1,0,0,0,6.0,0.91,0,0
943,Madhya Pradesh,Central,Semi-Urban,6822.29,7,0,Firewood,1785.53,0.46,12.04,0.76,0,0,1,1,4.45,0.86,1,0
944,Assam,East,Rural,15284.73,9,0,LPG,2946.8,0.68,22.62,0.97,1,1,0,0,6.48,0.01,0,0
945,Rajasthan,North,Rural,11351.23,8,0,Firewood,1683.68,0.44,31.98,0.44,0,1,1,1,6.75,0.16,2,0
946,Himachal Pradesh,North,Rural,37958.79,2,0,LPG,2101.78,0.39,33.78,0.97,1,0,0,1,4.61,0.13,0,0
947,Jharkhand,East,Urban,16328.83,11,0,LPG,397.33,0.76,4.08,0.41,1,1,0,1,2.78,0.78,2,1
948,Uttar Pradesh,North,Rural,8855.17,8,0,Cow Dung Cake,1407.14,0.45,29.91,0.09,1,1,1,1,3.39,0.65,0,1
949,Odisha,East,Semi-Urban,17783.23,5,0,Biogas,1319.12,0.85,5.12,0.63,1,1,0,0,4.51,0.35,0,1
950,Karnataka,South,Urban,24225.97,2,0,Firewood,723.8,0.85,0.6,0.23,1,1,0,1,5.6,0.05,0,1
951,Himachal Pradesh,North,Urban,85000.0,8,1,LPG,1274.62,0.67,1.36,0.91,1,0,0,1,1.59,0.43,1,1
952,Assam,East,Rural,13882.69,7,0,Cow Dung Cake,413.85,0.7,8.01,0.67,1,1,0,0,4.94,0.51,1,0
953,Himachal Pradesh,North,Urban,19644.09,10,1,LPG,1036.74,0.75,1.46,0.78,1,1,0,1,3.04,0.84,1,1
954,Gujarat,West,Rural,23666.42,3,0,LPG,1229.35,0.11,46.46,0.94,1,0,0,0,4.07,0.9,0,0
955,Uttar Pradesh,North,Semi-Urban,7636.02,9,0,LPG,1923.77,0.72,9.53,0.15,1,0,1,1,2.88,0.73,0,1
956,Karnataka,South,Rural,33475.71,7,2,LPG,1179.7,0.72,41.54,0.15,1,1,0,0,3.27,0.69,2,0
957,Bihar,North,Rural,3826.5,3,0,Cow Dung Cake,287.34,0.89,4.15,0.87,1,0,1,1,6.44,0.47,0,0
958,Chhattisgarh,Central,Rural,7628.44,5,0,LPG,187.59,0.28,54.66,0.49,1,0,1,1,2.77,0.19,0,0
959,Himachal Pradesh,North,Semi-Urban,36757.25,9,1,LPG,2924.22,0.67,13.52,0.63,1,1,0,0,5.77,0.61,2,1
960,Himachal Pradesh,North,Semi-Urban,19259.08,4,1,Biogas,763.5,0.65,3.57,0.61,1,1,0,1,6.19,0.08,2,1
961,Himachal Pradesh,North,Urban,55984.19,10,4,LPG,1690.31,0.27,1.87,0.62,1,1,0,0,1.9,0.59,0,1
962,Chhattisgarh,Central,Semi-Urban,13778.7,3,1,Crop Residue,3054.56,0.19,5.67,0.64,0,1,0,0,3.09,0.81,0,1
963,Assam,East,Semi-Urban,5318.11,9,1,Cow Dung Cake,586.97,0.82,10.79,0.53,1,0,1,1,2.01,0.26,0,0
964,Odisha,East,Rural,11653.09,8,3,Cow Dung Cake,1154.97,0.14,41.06,0.75,1,1,1,0,5.95,0.49,2,0
965,Assam,East,Semi-Urban,22286.09,11,2,LPG,3154.12,0.93,13.66,0.53,1,1,0,0,2.97,0.23,1,1
966,Madhya Pradesh,Central,Rural,17360.97,7,1,LPG,806.17,0.25,31.87,0.46,1,1,0,1,6.68,0.4,2,0
967,Jharkhand,East,Semi-Urban,13965.36,8,0,Firewood,522.58,0.13,10.02,0.61,1,1,0,0,3.1,0.13,0,0
968,Uttar Pradesh,North,Semi-Urban,11583.55,11,0,Cow Dung Cake,2833.87,0.34,3.55,0.78,1,1,1,1,5.55,0.27,1,1
969,Gujarat,West,Urban,85000.0,4,1,LPG,1930.18,0.35,4.67,0.49,1,1,0,1,3.35,0.62,0,1
970,Odisha,East,Rural,9996.9,10,0,Firewood,3034.53,0.33,35.02,0.17,1,1,1,1,2.62,0.42,0,0
971,Uttar Pradesh,North,Urban,20566.43,3,0,LPG,275.02,0.79,4.27,0.2,1,0,0,1,5.94,0.36,1,1
972,Maharashtra,West,Rural,12056.12,9,0,LPG,1882.04,0.23,34.41,0.46,1,0,0,0,5.08,0.53,3,0
973,Jharkhand,East,Urban,11491.97,10,1,Firewood,824.2,0.63,1.23,0.99,1,1,1,0,4.88,0.55,1,1
974,Uttar Pradesh,North,Semi-Urban,10106.42,7,1,Cow Dung Cake,558.16,0.59,0.67,0.5,1,0,1,1,4.02,0.94,0,1
975,Maharashtra,West,Rural,9638.93,4,1,Kerosene,266.53,0.81,32.98,0.51,0,1,1,1,5.27,0.71,0,0
976,Rajasthan,North,Semi-Urban,6496.8,12,0,Crop Residue,1467.38,0.3,11.51,0.78,1,0,1,1,2.91,0.75,1,1
977,Himachal Pradesh,North,Urban,41802.42,11,4,LPG,2200.57,0.23,4.27,0.43,1,0,0,0,4.9,0.67,2,1
978,Rajasthan,North,Urban,31433.3,10,0,LPG,2476.51,0.41,4.48,0.67,1,1,0,0,5.11,0.74,3,1
979,Madhya Pradesh,Central,Rural,14800.16,11,1,LPG,2319.66,0.93,35.53,0.03,1,0,0,0,2.89,0.39,1,0
980,Himachal Pradesh,North,Semi-Urban,26023.98,12,0,Biogas,2825.35,0.51,3.4,0.81,0,0,0,0,6.34,0.13,0,1
981,Jharkhand,East,Semi-Urban,11144.16,10,0,Cow Dung Cake,525.11,0.23,12.41,0.89,1,0,1,1,5.43,0.37,3,0
982,Odisha,East,Semi-Urban,12151.87,2,0,Firewood,1065.6,0.37,8.63,0.26,0,1,0,0,3.99,0.13,1,0
983,Jharkhand,East,Urban,17381.81,2,1,LPG,2081.14,0.94,1.95,0.37,1,1,0,1,5.75,0.15,0,1
984,Karnataka,South,Semi-Urban,41242.84,3,1,LPG,1685.87,0.12,7.67,0.08,1,1,0,0,4.6,0.08,0,1
985,Telangana,South,Semi-Urban,14349.72,7,0,LPG,1237.41,0.48,10.4,0.35,1,1,0,1,3.6,0.29,0,1
986,Madhya Pradesh,Central,Semi-Urban,8921.01,3,0,LPG,275.13,0.55,12.89,0.59,1,0,1,1,1.73,0.07,0,0
987,Telangana,South,Urban,52017.5,9,1,Kerosene,3278.75,0.23,1.42,0.25,1,1,0,1,2.08,0.84,0,0
988,Rajasthan,North,Rural,10220.36,9,1,LPG,3259.24,0.31,23.6,0.01,1,0,1,1,3.31,0.37,1,0
989,Tamil Nadu,South,Rural,49864.73,4,1,Biogas,1423.39,0.61,38.88,0.74,1,0,0,0,3.05,0.21,0,0
990,Odisha,East,Rural,13507.79,6,0,Firewood,2864.52,0.78,26.9,0.54,0,1,0,1,4.66,0.27,0,0
991,Jharkhand,East,Rural,9914.0,2,0,Crop Residue,3110.98,0.1,51.38,0.51,1,1,1,1,2.48,0.16,0,0
992,Odisha,East,Rural,7363.44,2,0,Firewood,889.67,0.74,28.94,0.52,0,1,1,1,6.71,0.11,1,0
993,West Bengal,East,Semi-Urban,18252.8,6,1,LPG,802.81,0.17,12.04,0.32,1,1,0,0,3.1,0.46,2,1
994,Uttar Pradesh,North,Semi-Urban,15451.59,2,0,LPG,505.23,0.46,8.78,0.01,1,1,0,0,2.4,0.26,0,1
995,Maharashtra,West,Rural,15776.85,8,1,LPG,2905.18,0.98,21.61,0.31,0,0,0,0,2.37,0.74,1,0
996,West Bengal,East,Semi-Urban,21984.03,12,2,Biogas,2820.23,0.41,13.56,0.05,1,0,0,0,6.93,0.36,0,0
997,Telangana,South,Rural,14878.02,11,0,LPG,2255.94,0.94,14.49,0.61,1,0,0,0,4.91,0.88,2,1
998,Jharkhand,East,Rural,5384.16,7,1,Firewood,568.79,0.23,49.05,0.99,1,0,1,1,4.87,0.95,0,0
999,Himachal Pradesh,North,Semi-Urban,43595.32,12,3,LPG,1113.98,0.24,8.15,0.59,1,0,0,0,2.43,0.66,0,1
1000,Chhattisgarh,Central,Rural,10188.1,12,1,Cow Dung Cake,354.73,0.69,25.95,0.47,1,1,1,1,6.8,0.81,2,1           

